-3.705:15.7416001410276,-0.375:15.9013953790226,-4.455:15.870663974768,-6.3:15.03595690337,-4.825:13.8731530302235,0.91:15.479402443247,-3.565:14.6937325074332,-5.275:15.4463385629087,-2.115:16.2182543758569,-0.235:16.6388032923044,-3.94:15.5411196507845,-3.095:16.6290701784556,-4.65:16.5283846760656,0.355:15.544741072144,1.045:16.1920651863806,1.575:16.3249617151159,-1.24:15.9079351268479,-4.525:16.4273970853571,-4.75:13.8837134801897,-7.76:14.55927195982,-3.93:15.3315067752651,-1.94:14.4258933865463,-0.86:17.2939411355538,-4.875:16.2846361641886,-9.725:13.4350055824328,1.895:16.8672456257683,-3.545:14.838058329849,-4.26:15.178023586752,-12.01:13.6132251872949,-3.09:15.0642590259196,-0.205:16.7338870260319,-5.845:15.8483745223288,-6.725:13.0134305623075,-4.835:14.7332201164579,-1.17:15.688247193361,-5.045:15.464894923665,-4.945:14.5870481935174,-11.95:12.1160018157807,-7.84:15.6257607814788,-3.405:14.760453075702,-9.485:13.4420896812958,-3.605:14.8273050484571,-1.635:16.7923129735007,-0.3:16.6811270602439,-1.28:15.5226157589499,-4.46:15.7428841067957,-11.915:14.0871492857853,-1.98:15.0761268235578,-6.4:14.9899966644426,-5.745:15.4074649115291,-10.725:14.0609165775208,-3.23:14.5590899440865,-3.825:13.7486135664655,-1.405:15.4010056489828,-3.835:14.6317386184964,-1.085:16.6864548361838,5.205:16.2672362434434,-3.51:16.2385313375317,-2.955:15.3324158239985,-3.015:16.3803166941302,-9.955:15.9612961566409,1.795:16.1515626179017,1.42:15.7798479080123,-1.61:16.6717695521501,1.84:16.7138984082111,-6.825:13.2500707545281,2.99:15.6476803392707,-4.825:16.3653406625099,-1.925:16.8484235167567,-7.135:16.7310123722386,-3.56:14.6596862176515,-8.56:14.5088386854359,-2.48:15.4499061485823,-5.945:14.41637870618,-5.385:14.6043409642476,-2.04:14.6880359476684,-4.905:15.8049351469723,-2.42:14.8712339770444,-4.09:15.0901259106742,-9.385:13.3770989007333,-4.905:15.7021009740735,-4.13:15.6250791997993,-9.515:16.5969809001517,2.03:15.725746405179,1.35:15.1386095794825,-2.025:15.831120459399,-2.365:15.2689808107811,-6.995:12.910653546587,3.48:16.1074392750679,-4.405:15.0040319581105,-8.785:12.8128363370489,2.175:14.7195235996278,-6.93:14.4811981548489,-9.07:14.0778229851068,-0.41:14.6646479671351,0.155:14.9966988034034,-2.58:15.4710568481924,-6.145:13.3189329527556,-9.81:13.1154069704299,-2.395:15.1868026588878,
-0.51:15.6070464854821,2.805:14.927390093382,-4.025:15.2893549569627,-8.495:15.0019990334622,-3.66:16.1905651538172,-0.005:15.5049983876168,-3.025:15.514650334442,-5.845:13.4257578929459,-1.66:15.0337753076198,-4.155:15.2141702041222,-7.18:14.6552925593452,-4.575:16.3803044843495,-7.46:16.0707311594712,-2.085:15.9432673878349,-1.34:17.0462429878258,-0.905:17.0694456559081,-3.395:15.8590344914184,0.135:16.3675525048799,-7.62:13.8540824308216,-2.505:16.5770918740291,-2.04:15.2623196140036,-1.3:15.7044579658134,-2.53:15.9326425931168,-3.98:15.8347592340395,-6.24:15.0433506905875,-0.295:15.7371526967238,-2.3:15.6563086326247,-5.98:15.1996578908869,-8.745:14.0253333293722,-4.565:14.8244991483692,-2.22:15.1182538674279,-2.84:15.9597744344962,-3.67:13.7441296559659,-4.495:13.9520598837591,-2.195:15.8803959333513,2.76:15.9129632689829,-4.465:14.7725683278163,-9.065:12.5654596016222,-7.45:15.3628610616643,-2.685:15.7878362988726,-9.955:13.6393905655641,-3.935:14.4104397920397,-3.455:16.1486214581926,-0.29:15.611723159216,-4.43:15.1282880723498,-3.73:14.9347614644493,-12.055:14.0713174578644,-4.29:15.1220335934027,-8.005:15.4261134120037,-5.84:15.7506952227513,-10.86:12.5734004946951,-1.1:14.624978632463,-2.41:14.147505080402,-3.175:15.126942024084,-2.055:15.7468084067852,2.42:16.0743149154171,3.275:16.9796753502533,-3.135:15.8577039636891,-0.965:13.9400062768996,0.795:16.8414065623985,-11.5:14.1626268749833,0.305:17.2262002484587,2.62:15.7014521621409,-3.65:16.0989906515906,-2.8:16.3993902325666,-4.225:14.6725722012195,1.59:15.3003888839467,-5.345:15.4985797736438,-4.845:15.0947333530606,-8.715:16.528574499938,-2.89:14.640283467201,-4.81:15.35558204693,-2.145:14.8870405050836,-8.935:14.5238002946887,-1.695:14.3063613473168,-0.785:14.7634269395693,-4.865:14.4905753854014,-0.065:15.3059065396336,-2.995:14.8867382256826,-10.19:13.5064392050607,-8.205:15.5734702298492,-3.195:15.5440334212199,-12.11:15.2875079721974,-1.23:16.6867342520938,1.47:15.5967656903603,-1.71:15.645315592854,-2.49:15.5389800180063,-6.495:13.0839586899378,2.67:15.7111775497574,-1.53:16.7516894670359,-7.67:13.0855301764965,1.27:15.157740596804,-4.31:15.8020220225135,-6.39:15.9150212063949,0.57:15.398542138787,-0.025:14.9396912618702,2.725:16.0511487127869,-8.3:13.3341666406266,-11.485:12.8089724412226,-1.785:13.250236790337,-0.51:15.6070464854821,2.805:14.927390093382,-4.025:15.2893549569627,-8.495:15.0019990334622,-3.66:16.1905651538172,-0.005:15.5049983876168,-3.025:15.514650334442,-5.845:13.4257578929459,-1.66:15.0337753076198,-4.155:15.2141702041222,-7.18:14.6552925593452,-4.575:16.3803044843495,-7.46:16.0707311594712,-2.085:15.9432673878349,-1.34:17.0462429878258,-0.905:17.0694456559081,-3.395:15.8590344914184,0.135:16.3675525048799,-7.62:13.8540824308216,-2.505:16.5770918740291,-2.04:15.2623196140036,-1.3:15.7044579658134,-2.53:15.9326425931168,-3.98:15.8347592340395,-6.24:15.0433506905875,-0.295:15.7371526967238,-2.3:15.6563086326247,-5.98:15.1996578908869,-8.745:14.0253333293722,-4.565:14.8244991483692,-2.22:15.1182538674279,-2.84:15.9597744344962,-3.67:13.7441296559659,-4.495:13.9520598837591,-2.195:15.8803959333513,2.76:15.9129632689829,-4.465:14.7725683278163,-9.065:12.5654596016222,-7.45:15.3628610616643,-2.685:15.7878362988726,-9.955:13.6393905655641,-3.935:14.4104397920397,-3.455:16.1486214581926,-0.29:15.611723159216,-4.43:15.1282880723498,-3.73:14.9347614644493,-12.055:14.0713174578644,-4.29:15.1220335934027,-8.005:15.4261134120037,-5.84:15.7506952227513,-10.86:12.5734004946951,-1.1:14.624978632463,-2.41:14.147505080402,-3.175:15.126942024084,-2.055:15.7468084067852,2.42:16.0743149154171,3.275:16.9796753502533,-3.135:15.8577039636891,-0.965:13.9400062768996,0.795:16.8414065623985,-11.5:14.1626268749833,0.305:17.2262002484587,2.62:15.7014521621409,-3.65:16.0989906515906,-2.8:16.3993902325666,-4.225:14.6725722012195,1.59:15.3003888839467,-5.345:15.4985797736438,-4.845:15.0947333530606,-8.715:16.528574499938,-2.89:14.640283467201,-4.81:15.35558204693,-2.145:14.8870405050836,-8.935:14.5238002946887,-1.695:14.3063613473168,-0.785:14.7634269395693,-4.865:14.4905753854014,-0.065:15.3059065396336,-2.995:14.8867382256826,-10.19:13.5064392050607,-8.205:15.5734702298492,-3.195:15.5440334212199,-12.11:15.2875079721974,-1.23:16.6867342520938,1.47:15.5967656903603,-1.71:15.645315592854,-2.49:15.5389800180063,-6.495:13.0839586899378,2.67:15.7111775497574,-1.53:16.7516894670359,-7.67:13.0855301764965,1.27:15.157740596804,-4.31:15.8020220225135,-6.39:15.9150212063949,0.57:15.398542138787,-0.025:14.9396912618702,2.725:16.0511487127869,-8.3:13.3341666406266,-11.485:12.8089724412226,-1.785:13.250236790337,
-0.965:15.5940301077047,1.305:15.3587751790304,-4.705:14.2090807232558,-7.71:14.6477267860921,-5.95:15.1336545487202,1.535:16.0501954816756,0.315:15.6059531910101,-0.805:17.2845877879688,-1.92:15.108725955553,-1.79:15.6533031657858,-8.7:15.0850919785065,-3.09:16.3046588434104,-7.755:15.7481737036394,-0.095:14.9895288451639,-3.38:15.6120338201017,-4.28:16.4365933210018,-4.76:14.4593360843436,1.38:15.8828712769449,-6.775:14.7940655331792,0.655:17.4228578310219,-3.455:16.7507604304999,-0.29:15.5333801859093,-4.285:17.3258123907654,-5.86:15.7553292571117,-9.76:13.3368811946422,-0.82:17.7492985776903,-1.58:15.8639087238927,-8.77:13.8941390521327,-5.125:15.1218178470712,-2.705:15.8952186207048,-4.795:16.4092344428374,-2.075:15.7457732423657,-6.41:13.0966369729026,-4.99:15.3935018757916,1.84:15.2162544668522,0.185:15.5464071412015,-4.905:14.3522115020648,-6.445:13.8461899091411,-5.785:15.9570916836371,-4.555:15.0803506258973,-10.96:13.350220971954,-3.74:14.9412984710165,-0.26:16.7988809151086,-7.66:13.5323464336382,-5.75:15.3244086345934,-4.93:14.624127324391,-13.91:12.4948749493542,-5.115:14.7360705413621,-8.6:15.3961034031342,-5.315:15.7240508457585,-13.37:11.8174912735318,-2.145:14.3263385064014,-4.815:13.4707377303546,-5.195:15.6392766776472,-5.23:13.6160603700189,0.795:16.4052727804203,1.945:16.4289979913566,-3.125:15.8120009802681,-2.215:13.9942407796922,-1.815:17.2644367125024,-11.07:15.7519871762264,-1.61:15.264923845208,0.745:16.5012113191729,-2.68:16.190663976502,-4.29:14.9684969185286,-8.34:14.2082511239068,3.435:15.8216868569695,-2.565:16.4126711719939,-6.29:15.5343458182184,-10.375:14.456637748799,-3.54:13.3228525474089,-4.45:15.3745731648069,-1.54:15.6364446086698,-7.975:14.0564709297889,-3.915:15.0631263355254,-0.39:15.577480540832,-8.26:14.6615960931953,-2.74:15.1110026139896,-3.58:15.3174279825302,-9.37:13.3668657508034,-7.355:13.877642991517,-6.735:15.5095059560258,-7.54:16.0118206335195,0.47:16.1077341671633,0.405:15.8717035947626,-1.91:16.7690757049994,-0.165:15.8429092972219,-2.865:14.7978638661126,3.805:15.4115857393066,1.45:16.6543537851218,-10.9:11.9749739039382,0.925:15.7346552234232,-5.215:14.8774586203424,-8.925:14.7498940674162,-2.15:14.4795545511594,-0.7:15.0850919785065,0.495:17.0815682828012,-8.5:14.036381300036,-9.54:13.5973673922565,-5.79:12.6852631033022,
-1.32:15.5678386425348,0.87:14.2559847081848,-4.215:15.8401002206426,-8.41:13.5133970562549,-6.62:14.6361060395175,-0.275:15.4418060796009,-1.375:15.9679170526403,-2.925:15.8829901152145,-2.3:14.4118007202431,1.29:17.3021935025591,-5.695:14.8344860039032,2.215:15.9786975376593,-6.06:15.4620955888909,-1.51:16.1114834822868,-5.7:14.3059428210796,-2.205:16.4436302257135,-2.305:15.8430418480796,-1.1:16.1910469087085,-4.34:14.6299145588756,-2.295:16.568885750104,-2.17:14.5258769098461,-0.5:15.1003311221973,-4.69:16.6551463518037,-5.73:15.2982711441522,-8.27:13.6768819545977,-0.1:15.9818647222406,-2.28:15.0911099658044,-6.215:14.6259623614995,-5.565:14.926010016076,-3.375:15.0224623480973,0.82:15.5617351217658,-3.185:16.4228735305366,-4.125:13.4792201183896,-1.085:14.8093813172597,-1.355:16.1913240656841,3.335:16.4204986221491,-3.355:14.9127118593501,-3.635:15.3649528147665,-4.12:15.9695209696471,-3.52:14.8808467501013,-10.175:13.5012730881202,-4.365:14.9867199546799,2.56:16.2211713510461,-6.85:15.248196614682,-4.355:15.5070621008623,-3.97:14.9622558459612,-9.33:15.2151602029029,-3.205:16.2312345494728,-9.875:15.2947499162294,-4.15:14.4981895421463,-11.585:12.930304520776,-4.725:14.516865191907,-6.665:13.2699952901273,-2.485:15.9141375826653,-4.905:15.0151914739706,2.41:17.4597222200125,2.41:16.0882534788584,-3.28:14.8479493533619,-0.855:14.773082785932,-1.66:16.9524157570536,-8.78:14.2183543351543,-4.315:15.1751696860365,-3.44:14.7745186046788,-2.155:16.5272797217207,0.895:16.4247975634405,-6.81:14.5417983757168,4.055:15.0463276250386,-2.185:16.7544255347654,-5.715:16.419006516839,-8.71:14.3204713609574,-1.66:15.3845506921717,-2.74:15.293868052262,1.87:15.4163257619966,-10.02:13.3876659653578,-2.03:14.8925854034818,-0.465:15.3064945366338,-7.505:14.3391064923865,-0.745:15.0625354771366,-1.78:14.7258819769819,-7.085:14.4210878577173,-11.23:12.0709196004281,-8.075:14.935841958189,-9.075:16.4984658377681,1.91:15.7515681758992,0.875:15.3342549541867,0.005:16.7390255092702,-0.055:15.3932444598272,-5.765:14.0708839452253,1.335:14.7011147536505,-0.695:16.5632718688066,-11.41:12.3434962632149,1.495:15.38148156063,-3.04:15.0219306349084,-7.265:15.9158655121234,-1.295:14.6992508312499,-2.13:14.7649280391067,-0.825:15.9960737370143,-7.455:14.0188435685687,-9.22:12.6428477804647,-2.9:14.6635602770951,
-5.33:14.545140081828,2.87:14.7561207639406,-7.385:14.48885002338,-6.035:15.1859729684996,-9.355:13.41935076671,-0.21:14.9858566655363,-2.005:16.2239013495522,-3.38:15.682652836813,-1.63:14.8782761098186,0.64:15.2148085758579,-10.835:13.877599756442,0.21:16.9651377831128,-3.63:14.6980644984297,-3.805:15.9924036654907,-4.965:14.5369795693603,-1.475:16.2477498442092,-2.235:15.0359494213036,-1.8:14.7945936071255,-5.6:14.4640934731493,2.29:17.3287593323931,-1.5:15.3775810841627,1.97:14.3773815418525,-3.145:16.2875404834493,-4.13:15.6020223048168,-10.31:12.6654609075233,0.235:16.5190730672154,-3.19:14.43412276517,-6.955:14.3841223228948,-5.325:14.5577943040833,-2.9:16.4219365484099,-0.74:14.9630344516077,-1.7:15.7518252910575,-3.67:14.3889228227828,-1.32:13.7119509917444,-2.745:15.313065499762,3:15.0522423578681,-4.67:14.7746776614585,-7.72:14.07627791712,5.1:15.2111800988615,-2.34:14.7534538329166,-11.96:12.4783171942374,-6.37:13.8842752781699,1.74:16.1954438037369,-7.54:15.6236487415712,-6.035:15.4413009490781,-5.83:14.7976721142212,-10.935:14.7088672235492,-1.665:15.5451849458281,-9.705:15.6970689939237,-4.47:14.6088705928966,-11.985:12.573972124989,-5.55:15.0767204656716,-2.725:13.5815821979621,-2.62:15.9911100302637,-3.885:14.9138115517127,3.15:16.1557265389087,0.79:16.7013741949577,-1.975:15.4736671477708,0.08:13.3219217832864,-0.305:17.1904617448165,-11.245:14.7090099938779,-2.075:14.4737477869417,-4.025:15.9763692683914,-1.765:16.5716557712258,1.585:16.0060230850765,-8.2:14.1021274990691,2.775:15.2837945223037,-3.595:15.9185732714964,-3.15:17.2504347771295,-7.475:14.904676279611,-0.12:14.8167337831251,-5.955:14.9078159030758,-2.18:16.1989999691339,-8.03:13.2950780366269,-2.22:14.1570335875847,-1.48:13.7836714992777,-9.325:12.1445203692859,1.725:16.1616637448005,-4.415:15.3095648207256,-8.78:13.9384934623509,-9.775:13.9353641861273,-9.665:13.6404829459957,-7.145:16.1546889477947,2.04:16.5051022414283,4:15.5090296279297,1.37:17.0338809435783,-1.37:15.6707721571083,-4.52:15.0658421603308,3.005:16.4099047833922,3.415:15.8364382043438,-11.36:13.0847392025978,-0.025:16.4226786791924,-4.95:15.9165794063926,-6.865:16.1819892164097,-4.235:14.4024225392814,0.9:14.4253249530123,0.675:15.9021814541276,-9.31:14.0029961079763,-6.2:12.9197523196074,-5.81:13.1100686497058,
-6.76:14.7248904919527,1.9:14.3760217028217,-6.595:15.4742035336233,-5.505:15.5855694474087,-9.335:13.664288309312,-0.37:15.3539278362248,-1.47:16.3725104977826,-3.255:15.7378516640614,-1.95:15.7393614864136,1.17:15.6732606690503,-7.75:14.8871588961763,1.07:17.0594577873976,-4.045:15.2817857268056,-4.64:15.1274716988663,-6.28:14.6660015000681,-1.995:16.5968362949087,-1.33:15.303303564917,-0.275:16.5595704956379,-8.5:14.1516783456945,-1.985:16.6893611321704,-1.23:16.161593362042,1.605:14.9415184971274,-6.18:16.0061738088776,-2.995:15.6481620326478,-11.165:11.8371354220521,1.975:16.6088643500993,-1.07:13.5611614546837,-6.965:15.1404681235423,-7.09:15.2889469879387,-1.91:14.5788168244203,-0.87:15.9731994290436,-0.57:15.4069821834128,-5.66:14.5407840228785,-1.955:15.5936838174948,-1.605:16.5598603556914,2.13:15.4755646100554,-4.87:15.5631969723447,-8.44:12.505454809802,2.265:14.9490727137171,-1.35:14.9458188133003,-9.665:13.1617922411805,-5.025:15.1566610768995,0.635:16.1870866742598,-5.27:15.705639114662,-6.37:13.9220364889624,-4.08:14.4994344717303,-10.36:13.7036637436855,-1.885:15.7490245729696,-8.91:15.0645909337094,-3.48:15.036276134735,-9.915:13.9759713437027,-6.975:14.0774420616815,-2.04:14.260378676599,-1.915:14.2733238945944,-1.855:14.6688095972373,1.02:15.7527648366882,4.755:15.766260653687,-3.56:15.559768635812,-0.235:14.031741695171,-2.04:16.5047993020212,-14.05:11.260439600655,-3.56:14.64945050164,-2.25:16.9350966929628,-4.43:15.7453199395884,-2.28:15.94965830355,-5.74:14.6342885033745,4.17:15.5942649714567,-6.26:15.3092259765149,-2.55:16.0320772203729,-5.33:14.9208277250292,-0.84:15.5423421658385,-7.645:14.0719215105827,-1.78:15.6735956308691,-7.76:12.8149287941838,-4.085:14.9391356845033,0.305:16.0776856232481,-9.625:14.0497108511172,0.005:16.8859401574209,-1.035:15.4985087992361,-8.16:15.9098837205053,-8.575:13.2632716552139,-5.79:14.3685733460215,-6.605:16.3501980110334,-0.82:15.4342994658002,1.38:16.4306299331462,-0.455:17.3990797170425,-2.63:15.0224199115855,-2.885:15.3167155421781,5.065:14.6690413797221,3.85:16.9404102665786,-11.425:13.7140211097985,1.02:16.1170592851177,-7.375:14.5480024401978,-4.69:16.214619946209,-3.545:14.4422288792278,-1.37:15.570263324684,0.94:15.671196508244,-8.895:14.5111672514653,-7.4:13.9667462209349,-3.46:13.9988713830794,
-7.58:14.5452260209321,3.415:14.2039703956323,-4.795:14.6997610524797,-6.07:15.5825254692556,-10.2:13.6253440323538,1.085:14.2044984071948,-2.165:16.1780028124611,-4.975:16.3274117667192,-2.23:16.1801452403864,-2.545:15.160408140944,-9.335:14.620286419903,0.175:16.0637596782322,-6.315:16.2814549411286,-6.105:15.8642357206391,-5.165:14.722016675714,1.35:15.3576528154533,-3.425:15.1602894101663,-0.08:15.8645390730396,-7.525:15.1980056257392,-0.255:16.8223058764249,-3.08:14.6367209442552,-1.795:14.481470056593,-6.22:16.8914653005593,-5.2:14.891608375189,-11.29:14.0390847280013,1.18:16.4556251780356,-2.025:13.9801421666591,-4.19:16.1001211175569,-4.605:15.6565952556742,1.335:16.1441250924291,-1.615:14.8130609598422,-1.9:15.925137362045,-3.925:14.0274507662654,-5.26:13.4507397566082,2.02:15.8965279227887,3.265:15.3946346172944,-4.395:14.4872003851676,-8.49:13.1141107208991,4.435:15.7046418297267,-2.525:14.820910059777,-10.905:14.3166328094283,-5.94:15.1028606561803,-1.88:16.4625514425924,-6.725:14.9160777351152,-4.585:15.9230265653236,-4.045:15.4467787904145,-6.58:14.9299564634328,-5.23:15.0341976839471,-9.555:16.1454939534224,-4.51:16.1567292482111,-9.46:14.4816573637136,-8.175:14.1199991147309,-2.02:13.8913498264208,-0.05:15.8709640538941,-2.285:15.1582906358204,2.21:16.8581108075609,4.365:14.900395128989,-1.07:15.4662568192824,0.455:14.2593118697923,-5.46:15.6370841271639,-12.3:12.8292634239071,-3.485:13.4807186381142,-4.475:15.2012951750829,-5.44:16.3293110693624,-2.37:15.6883109352154,-8.01:14.3899235578234,4.27:15.4876434618053,-4.385:17.0436725795821,-3.475:15.8293832792058,-6.545:15.5266858988002,-0.345:15.5124458097361,-4.41:14.1443239499101,-1.985:17.1890888356539,-8.105:13.5400877028179,-8.28:14.7746945822917,-0.675:16.2308155987307,-9.09:14.736753373793,-0.99:16.6033099109786,-3.115:14.2710117020483,-7.495:14.3547892704839,-9.145:13.4931084261559,-5.455:14.7853973568518,-2.53:15.1891112314052,-3.565:15.7205526302354,3.54:16.0448870360623,8.76:14.2289282800919,-1.2:15.1334067545943,-0.955:15.9597297909457,2.525:15.6105533213913,6.58:16.7756847848307,-12.235:12.6869923543762,-4.39:16.6110776291004,-9.46:14.4110513148764,-7.055:15.4237471128128,-4.13:13.7562022375363,-1.135:14.9401062579889,-0.93:15.5330325435827,-10.335:13.3788181466077,-10.28:14.3551941818981,-4.165:13.9562808441218,
-5.95:15.2380280876497,1.6:14.5554113648498,-8.85:14.5759219262454,-5.015:14.2616540064608,-10.945:14.0207694154066,0.765:15.2676054114586,-1.14:16.4903123075338,-5.84:15.5564906068175,-3.595:15.5258164036549,-2.54:15.4446884073457,-6.73:14.8968822241434,1.455:17.110756120055,-4.79:15.99393322482,-2.875:16.3143916527709,-5.6:14.2204078703812,1.35:15.8078303381584,-0.455:15.716487362003,0.9:15.556670594957,-7.575:15.0301156016845,1.43:16.6767832629677,-1.815:16.1777864678701,5.655:14.6446568754614,-5.64:15.3101404304467,-4.555:15.4918357530668,-9.55:14.07932881923,-0.86:16.2413176805332,-0.375:14.9453797208368,-4.915:14.7155623405971,-7.875:14.8626839769942,2.095:15.1992096834013,-0.82:15.530215710028,-0.875:16.2686623605016,-7.545:13.5844755143509,-2.335:13.8630002164034,0.28:14.9636760189467,2.59:15.832305580679,-4.895:15.1754398618294,-6.505:13.848825762497,4.955:15.1747479385985,-0.98:16.0651672882669,-11.245:12.3937474155318,-7.325:15.2436667176897,-5.28:16.0739416447864,-4.08:15.5168811299178,-4.4:15.483862567202,0.22:16.3175243220288,-4.34:15.1942225862332,-4.76:14.8102126925983,-10.36:14.7465385769,-3.425:16.1063457990942,-6.6:14.1559174905762,-9.075:13.8235080569297,-2.915:13.7403702642978,1.32:14.0960136208788,1.03:15.0332664447884,1.765:16.3893189303278,3.71:16.8236708241691,-3.79:14.7836362238794,1.81:13.9826285082598,-7.645:14.6382709019884,-11.66:11.7997627094785,-7.19:13.4131987236453,-4.365:16.1130932784491,-7.29:14.6053380652418,-2.24:15.763641711229,-8.955:15.2017424988059,3.165:16.0330213933619,-2.36:16.5541656388958,-7.065:15.0419671253463,-5.985:15.6555030260928,-0.34:15.6036662358562,-6.93:15.3878231078993,-4.53:16.1136308757524,-5.86:14.3892459844149,-9.48:14.0174748082527,0.8:16.1598267317444,-8.76:13.9036829653153,-2.48:16.3554150054347,-2.39:14.036662708778,-6.715:15.3734763472677,-7.93:13.8475665732287,-3.44:14.990877225833,-0.93:15.1728408678138,-6.685:14.7341703193631,0.755:15.5314189628636,7.215:15.3596476196559,-2.425:15.0447457605637,-1.92:15.5287990520838,3.5:14.9495819339539,5.225:17.8626530784204,-13.04:11.7664098177821,-0.38:16.7142334553518,-6.675:13.4216010594862,-5.64:15.639386177213,-5.33:13.2556063610836,-3.185:14.8650857717001,-4.335:14.3851581499822,-10.08:13.0116716835309,-7.86:14.9516019208645,-3.765:13.2404597729837,
-7.42:14.6292036693731,2.32:14.537799008103,-9.085:14.4481062772946,-3.165:16.0784879575164,-8.91:15.0267062259166,2.51:14.7560123339607,-1.625:15.6746411442176,-4.21:16.8705631204178,-4.04:13.8938259669538,-4.54:13.700306565913,-7.51:14.6236076260272,3.05:16.704116259174,-3.185:16.2822226676827,-3.905:15.3191375409975,-4.115:14.9713651682136,-0.575:15.7858916441232,-2.65:15.259013729596,2.34:16.0780720237223,-6.235:15.0509061189019,-3.035:16.6956214319803,1.34:15.2011315368298,6.365:15.2450573957595,-7.61:14.8103983741154,-2.405:15.2908788171249,-8.02:15.1403302473889,0.095:16.3794375666566,-1.66:13.5397341185121,-3.58:14.8793010588535,-10.155:13.2136662210001,1.395:15.9661822299509,-3.035:16.2075221733614,1.51:16.1214112285494,-1.81:14.8934180093087,-1.555:14.2452439431552,1.975:16.2457494440854,0.67:16.7806763868445,-1.17:15.6965314639891,-6.3:13.2834483474736,2.395:15.865023636919,-2.89:14.6781436155939,-11.115:12.9773562407757,-5.64:16.476965740087,-6.075:16.0695169498028,-6.765:15.5768987606648,-4.325:15.5148114716228,-3.725:16.4866423203756,-6.72:14.7204483627368,-3.165:14.8019517294173,-6.8:16.7535070955308,-5.92:13.888614041725,-5.435:15.0514376389766,-8.03:14.4623338365563,-1.83:14.4471831164418,-0.56:15.7415501142676,-2.25:15.7641206541944,-0.35:16.489617945847,6.13:15.1892429041082,-4.035:16.5415771618066,0.69:15.4328837227525,-6.445:15.2802805929734,-7.875:13.0360797404741,-2.555:14.7599788278981,0.415:16.7162428493965,-10.965:14.139086780977,-1.545:15.1019195799739,-7.07:14.9457385230707,2.405:16.4818377312726,-3.175:16.5425020779808,-5.755:15.3112695423992,-7.45:14.7332107838041,-1.58:16.1741645842993,-3.805:15.4161271076753,0.555:17.3209980947981,-6.655:14.1034029581516,-7.76:14.1552958287702,-1.46:15.3058289550093,-10.85:14.7019556522253,-7.655:14.8248431694909,-3.225:14.4594043791575,-5.015:14.8574821218132,-8.455:13.1642688744951,-5.24:13.5978821880468,-4.245:14.155386783836,-2.695:16.1580312847822,2.235:15.6713041895051,6.355:14.8784735440165,-1.775:16.0951661998253,-4.02:15.2898528442886,4.145:15.5805640141813,6.22:16.388154258488,-8.215:13.8830391125286,-1.605:17.2991033004604,-5.61:13.6747175473572,-9.33:14.1439421661714,-5.79:12.8232562167337,-3.42:15.3053454714358,-4.645:14.684310504753,-7.805:14.8238650493048,-11.515:13.1060968636738,-4.105:13.4344324405611,
-5.395:14.9609149118628,1.375:15.0779433279211,-11.64:13.8838179187139,-6:14.068048905232,-12.865:12.7838482077972,2.785:16.4066686137071,-4.26:15.4997548367708,-5.88:16.2949562748723,-1.975:15.3047174100014,-5.75:14.2333235753284,-7.32:15.4918559249691,2.31:16.5421854662557,-6.565:15.3936927018828,-3.62:15.4924368644833,-4.265:15.0387757147981,1.095:16.9382990586422,1.01:15.6901210957723,0.285:15.0633254960517,-0.185:15.610277864279,0.75:16.0451706129913,0.065:15.9947108445261,5.545:14.3874241961513,-8.47:15.0056356079974,-5.01:15.6674790569511,-8.88:15.4316428159804,0.89:16.325375952792,-0.475:14.1661347939373,-1.93:15.7087587033476,-10.765:13.1871063922303,2.02:15.5057924660431,-0.99:15.2446679202927,-0.645:17.1034784473802,-5.295:14.0811212266637,-3.27:13.8292118358206,0.38:15.7332641241416,-0.405:16.4201393112239,-2.79:16.1813441963268,-4.5:13.9222842953303,3.77:15.4802164067561,-5.51:14.6485460029315,-10.945:13.360837361483,-4.755:15.1236561386458,-7.48:15.7181296597273,-3.57:15.0623736509224,-5.34:15.762119146866,-0.99:15.445708141746,-6.67:15.4019836384798,-5.915:14.9789110084812,-8.475:14.3233855983842,-9.18:14.465047528439,-5.63:14.2798144245645,-8.605:14.6635253264691,-2.705:14.7759255209276,1.14:15.2332005829373,-6.15:15.5524113885918,0.075:15.5797745490748,4.825:15.4859412048477,-4.245:14.4102385476438,0.66:14.8477068936587,-4.825:15.7405328689978,-12.165:12.4694737258635,-5.845:13.4852131981664,1.275:17.0792088517004,-7.755:14.5754922729903,0.385:14.8871345463121,-7.195:14.3630419828113,3.29:15.9757910602261,-5.78:16.2536642022653,-4.48:14.8431667780161,-4.805:15.9328897253449,-1.59:16.7353488162034,-4.475:15.0741293280906,0.315:15.6072347006124,-4.775:13.6935888283532,-6.64:15.9471125913126,-4.33:16.0789023257186,-8.4:14.289506639489,-8.035:14.1631131817832,-2.505:14.2860062648733,-2.795:16.1174742127915,-5.01:14.9656239428899,-4.2:14.3725432683294,-1.995:15.1266313169853,-2.93:15.5095164334675,3.275:15.155836334561,8.235:15.341113877421,-1.745:14.1056717316121,-4.95:15.5244162531156,4.24:15.5200644328559,5.07:16.6109933477803,-9.49:13.4175221259367,-0.455:15.7018462290267,-9.04:12.2019834453256,-7.65:15.1045522939278,-5.48:13.9728164662676,-1.425:14.4358711202338,-0.24:14.4579528288067,-6.53:15.1409742090792,-7.185:15.3339745336948,-4.39:13.7032076536846,
-5.47:14.5746046258552,1.235:15.2826625625249,-10.715:12.9758920695265,-1.23:13.9720113083264,-11.605:13.4958873365185,0.115:15.3893396544491,-0.31:17.4969683088242,-3.195:16.9427558266062,0.325:15.5244766417422,-5.405:13.400409508668,-7.935:14.6945831856504,3.505:15.6559884708695,-6.455:15.3944137595428,-6.1:15.3326449120822,-2.7:15.4457113788909,2.36:16.4338187893137,-1.445:15.2629281266735,1.485:15.6262527497798,-3.885:14.2927175512567,1.335:16.3221559544075,-5.765:15.9329775936578,5.185:14.5330924100826,-4.925:15.8729132486762,-7.58:14.018330856418,-7.93:14.5772116675309,-0.165:16.3694158417458,-4:14.5856093462015,-4.69:14.5225307711845,-10.685:13.2225479768462,0.94:16.1448567661655,-1.72:15.4032983480812,-1.59:15.910747939679,-3.98:14.46269684395,-0.745:15.0714954467034,-3.365:15.3255269077445,0.705:15.1989465095447,-2.26:15.3226107436037,-4.26:14.6687559118011,2.77:16.2063907147767,-0.285:16.1862217642043,-11.66:12.8372271149186,-5.495:14.8573205861622,-11.44:14.7138166360737,-3.335:15.6071385910422,-3.825:16.1611996770042,-4.36:15.4615781859421,-6.54:14.0740328264503,-6.015:13.8106761239267,-5.97:16.3987530013718,-9.34:13.3523181507931,-3.85:15.4618077856375,-6.97:14.6109239954221,-0.015:15.4147583503602,2.575:16.0734058307504,-6.94:15.115435819056,0.86:16.1613860791703,5.64:15.5348125189846,-8.33:13.7539485239694,0.83:14.4496055309479,-5.685:15.7989168932557,-11.11:12.5820467333419,-4.785:14.7542798875445,0.54:17.2519100391812,-9.07:14.934359711752,-0.035:14.8651866789489,-7.515:14.0769234920134,4.12:15.5330486383067,-2.25:16.557098175707,-4.345:15.1339345511998,-4.965:15.0855485481967,-3.33:15.8060463114594,-4.655:16.164961336174,-1.67:16.8155017766346,0.635:15.4732599991081,-6.545:14.0960269225055,-3.5:15.8820653568735,-11.395:13.9770875006204,-12.33:12.6099603488671,-1.58:13.8590620173228,-5.9:15.4240072614091,-7:14.5996575302299,-3.29:13.8353135128916,-0.26:14.4869734589389,-5.93:14.2086276606856,1.935:15.6304438516633,7.065:14.9392360915811,0.08:15.2664206675959,-2.845:15.2397826428069,2.49:15.892447892002,6.195:16.6705421327562,-10.36:13.0246074796901,-3.17:17.0452662050201,-7.23:13.9644942622352,-7.685:14.7755126814605,-6.935:14.3989852072985,-3.125:13.5790049340885,-0.5:16.0707809393321,-3.2:14.8148574073462,-11.345:14.010566548145,-4.525:13.5727438272444,
-4.405:15.3121185666778,-0.515:15.7699009191561,-11.39:13.0873182890919,-0.49:14.1276289588876,-13.5:12.6739891115623,-0.705:15.3342093046886,-1.705:15.8753889716126,-1.83:16.7433897404319,0.845:15.2715740838985,-7.875:12.0415686270519,-5.695:15.0523079625684,4.64:15.8978111700951,-6.665:14.97974549183,-6.095:14.9497817709825,-3.665:15.6516061476131,0.25:16.1117193371781,1.87:15.7611262287947,1.61:15.8857766571232,-4.765:14.6194998204453,1.775:16.0319797592188,-4.67:15.5084202935051,3.705:15.0943027331507,-9.64:14.6407103652794,-7.95:13.8573987457964,-10.08:13.6265769729599,-1.405:16.3487300730057,-0.945:13.8802728719575,-3.055:15.2578496191305,-10.185:13.8441603212329,-1.615:16.3843454248255,-4.655:14.7144818121468,1.235:16.2834202488298,-5.885:13.0981592218143,0.39:15.2117684704968,-4.225:15.3275691158122,0.435:15.1705561862445,-2.35:16.5670606928326,-4.01:14.6679889555453,3.745:16.0990675195801,-2.895:15.2411933587892,-13.455:11.7697907797887,-5.275:15.246618477551,-13.97:11.8894533095513,-4.355:14.652951067959,-7.545:16.5168996788138,-2.17:15.8625691487855,-8.585:13.5780254455499,-6.08:14.0140500926748,-0.74:17.5120644128555,-9.22:14.7787550219902,-1.015:15.7411808642173,-8.75:13.4683889162735,-1.925:14.6850051072514,0.11:14.3623779368181,-9.04:14.7121854256939,3.855:15.8247898880206,6.415:15.6847943881965,-5.51:14.2804026553876,1.9:13.4814687627128,-6.73:14.7850295907719,-9.435:14.5532049734758,-5.86:13.6817542734841,1.665:17.2146093478766,-7.58:15.0702886501885,-2.24:14.5111129828142,-8.405:15.0476235665304,7.3:15.1092686785297,-2.595:16.2846852901737,-4.32:14.7836937197711,-5.19:16.2186281787332,-6.785:14.2175516527987,-6.42:15.377047831102,-0.175:15.3647120051109,0.03:16.0368045445469,-10.165:14.2782273059368,-3.975:16.2423635903153,-10.455:14.4577997980329,-9.265:15.1800782277299,-1.26:14.7235321849073,-3.48:16.1737317895407,-6.87:14.1043645727129,-5.33:13.2857480030294,-1.095:14.7188985661292,-3.51:16.4450570081104,2.655:15.9441517491524,7.35:14.3184321767434,1.02:15.9028173604553,-0.33:15.4450995464581,4.76:14.8752277293492,3.16:15.826067104622,-9.535:13.4405645342746,-1.95:16.150773975262,-3.5:15.2220235185733,-10.335:13.2797882136727,-7.67:15.2506098238726,-4.085:13.8433296211569,-0.16:16.2134018638902,-7.25:14.1685390919459,-10.31:14.3039819630759,-4.355:13.3596023518666,
-4.16:14.0618064273407,-4.005:13.9378970795454,-10.005:13.8814615584959,-3.795:13.8221913964465,-11.35:15.2386843264109,0.61:15.7961356033683,-2.76:16.7681960866397,-2.22:16.388764443972,1.185:14.8027286336,-6.465:13.2988260760114,-6.58:14.7889688619592,3.29:16.1835070364862,-4.95:16.11296062181,-5.805:15.2389952096587,0.305:16.1988263463746,0.025:16.5910932430627,-1.27:15.3911370600096,1:17.0243942623519,-1.29:14.878370206444,0.135:16.8043677358001,-8.27:14.0483842487312,4.43:15.5056473583014,-9.965:16.370820840752,-6.365:14.3990199319259,-8.065:14.4187646835643,-1.065:15.9881448267146,-0.675:14.1555422008484,-4.775:15.0387624158373,-8.95:14.783690337666,1.755:15.7322908376371,-3.62:15.4439502718702,-2.655:16.3250107197515,-5.21:13.4389694545378,2.84:16.6725642898745,-3.8:14.7360103148715,0.72:15.1040259533675,-1.715:16.4217470142491,-3.59:14.3308024897422,4.825:14.8803351776766,-1.605:14.4384547303373,-12.965:12.5532376301893,-6.26:15.3154301278155,-14.375:12.1340172655226,-6.605:13.7200209547945,-8.435:15.342613043416,-0.285:15.8020180673229,-4.595:15.2338759020809,-5.72:14.4935019922723,-0.93:16.6149059582051,-9.605:15.0535369597979,-0.865:16.1501323523988,-8.345:13.4798358669533,-2.06:14.2382021336965,1.085:15.2288468046665,-5.045:15.6212347463317,5.71:15.7615322859169,3.835:15.2160367704603,-7.61:13.5113988913066,0.585:14.6069426985937,-10.19:14.1684120493441,-8.665:14.9997591647333,-3.36:13.728087995056,2.03:17.3230799801883,-10.25:15.9049520590287,2.55:15.4080336188626,-6.99:13.4658791023832,5.73:15.7881949569924,-3.665:15.9775709981211,-9.27:12.7195558098544,-4.8:15.0837661079718,-3.66:16.1649126196216,-0.665:16.6629161613446,-0.195:15.8712625521727,-2.95:15.0524914881225,-8.675:14.2105374634459,-7.68:14.6488088252936,-11.06:14.0102248375963,-14.18:12.5254780347897,-2.255:14.6523027200505,-3.88:15.7523204639824,-8.62:14.6978093605816,-3.72:14.2158925150692,-0.12:13.7784469371551,-4.675:14.8320388011898,1.465:15.8296801926002,7.735:14.7056035238272,-0.39:14.8036448214621,-2.44:15.1041848505638,3.33:16.7738218662295,3.79:15.9588815397571,-8.215:12.9289897130441,-1.72:16.7147120824739,-7.96:14.4495121024898,-11.48:14.3171086466507,-9.195:14.0398352910567,-3.8:14.3370150310307,-0.76:15.4383418798782,-7.8:14.8313856399191,-7.93:14.0948607655415,-3.7:13.9871369479247,
-4.64:14.2372890677966,-2.11:15.0631304847299,-11.58:14.0820311035021,-1.565:14.247307640393,-12.65:12.8205889100306,-5.365:14.597320815821,-4.075:17.1294884628818,-2.425:16.7416957026461,2.265:15.7147947807154,-4.735:14.7008426629224,-5.015:14.3472915562485,1.13:17.1610926225576,-5.485:15.5138575151379,-9.765:13.722236515962,-0.355:16.595751715424,2.925:15.134046881122,4.805:15.6018260149253,-1.335:14.6803533676816,-0.53:15.4398542739237,0.065:16.0381038467769,-7.17:13.856085305742,5.93:14.8625401597439,-12.13:14.5641031306428,-4.285:15.3679463494639,-9.635:14.2881690569506,1.47:15.9905941102887,0.505:13.481838709909,-2.54:15.7317640460312,-5.82:15.786627252203,4.205:15.1348265599577,-4.085:15.4206930778094,-0.15:15.7536503706284,-4.155:14.1961605724928,1.86:15.3954668652821,-6.685:13.9210550965076,-3.945:13.8593641629044,-0.28:16.5469513808435,-5.08:13.3410494339838,1.72:15.7861204860472,0.125:15.3381672633988,-12.175:12.0997675597509,-5.18:15.1870866198886,-12.975:12.8087616497458,-3.585:14.6264409546547,-8.265:16.3638251946176,-3.665:15.320991319102,-2.18:15.2518064503848,-7.165:13.0941885964729,0.07:16.4591949985411,-6.225:15.5011088313062,-2.685:15.3174989799249,-8.765:14.477215719882,-2.36:15.2309027966171,4.185:14.6089279209667,-7.13:15.2824441762435,2.925:16.712252241993,5.375:15.4688194442886,-6.205:14.2067932694187,0.255:14.7322766400852,-10.005:13.9819517593217,-9.675:14.0655385606098,-1.46:14.966910168769,4.785:17.2953396902171,-10.185:13.8542691976156,-1.075:15.2446507011476,-8.095:14.7042842396357,6.05:15.7390438083131,-0.335:16.4585167922264,-8.745:15.0930439275847,-5.24:15.3961813447361,-7.89:13.7218038172829,-1.18:15.6760199030239,3.455:16.3091377761058,0.185:15.1773111913804,-9.04:14.4498581307915,-6.44:15.6037303232272,-10.715:14.3643229913561,-10.83:15.0160281033301,0.315:14.7656958860732,-2.095:15.459818077843,-8.09:15.0459928220108,-2.155:15.0622367196907,0.26:14.3416317063297,-5.68:14.9270760700145,2.545:15.4339876571157,6.95:15.1065383195489,0.795:15.3324158239985,-2.665:15.6838380188014,3.315:15.9250047095754,3.775:17.0101256609115,-9.115:12.2838013253227,-1.03:16.29230186315,-3.965:14.3528316021613,-9.96:15.4346493319414,-6.03:14.6054476138186,-5.3:15.8845837213318,1.255:16.6469208864583,-6.715:15.8453076650471,-8.915:14.3062145587154,-7.6:14.0032139168121,
-4.29:15.4219291919007,-3.075:14.3683462861945,-9.905:13.883658559616,-1.84:14.6882401941145,-9.725:15.6278397419477,-6.93:14.8591756164331,-1.405:16.2163798364493,-3.095:16.4598291303403,2.925:15.8836197071071,-1.91:15.2332498174224,-3.3:15.2223519864704,5.295:17.0955542466455,-5.37:15.1523298538542,-9.86:13.6389295767666,-0.755:15.4698084991379,0.885:15.8925068821756,1.35:15.3031859428029,-1.485:15.1327385162105,0.305:14.7340413668484,4.8:15.3499185665592,-6.105:14.4645765579225,3.595:14.8091517312775,-9.38:14.9731626585702,-4.955:16.016022446288,-11.185:13.5628453873072,-0.93:15.0902319399007,-1.44:13.2407099507541,-0.775:15.4914290819149,-4.38:15.5278974751896,1.53:15.5141580499878,-5.195:15.6680239660271,-0.25:15.7320532671359,-6.3:14.6123235660863,0.88:15.4228920763909,-5.515:14.0659082536465,-3.925:13.7498863631668,0.92:17.1503236121072,-1.595:14.44198653233,5.91:15.0326943692739,-0.985:16.1212522776613,-12.955:11.9286619115473,-4.445:14.7900971937307,-13:14.0089257261219,-4.865:15.2005517991947,-6.15:16.9610583396202,-1.665:16.0612195987727,-3.49:15.4706140796027,-3.64:14.3265627419839,3.875:15.3512010930741,-7.48:14.6362426872473,-2.845:16.7848436096378,-10.125:13.7007070985406,-0.515:15.175960430892,3.18:15.3077627365987,-6.76:15.8752133843927,3.56:16.8343814855194,5.575:14.4095237603468,-4.565:12.6619814800054,-0.65:14.4276643986475,-11.94:13.6925673268383,-10.675:13.4896024774639,1.69:15.4049959428752,1.23:16.4370648231368,-8.565:15.4704807617604,-2.55:14.3898401658948,-7.165:13.751646265084,5.405:15.9094618073648,-1.075:15.3541321799703,-6.69:15.9309102062625,-2.035:16.2829289441427,-8.675:14.0804607524044,-1.285:16.5219180181963,4.08:16.4864671776582,-2.88:15.5014708979503,-9.325:13.6663592445099,-5.475:15.2072145707227,-7.04:14.8181780256548,-11.4:13.8823629112626,-3.01:14.5797770902027,-2.5:15.5196649448369,-7.87:15.1780466463903,-2.63:14.6684389080774,2.91:14.7102651233756,-6.19:14.8251104549005,2.555:16.2285851200898,8.415:14.8577513439955,0.74:15.3033460393471,-5.435:15.8109384604457,3.33:15.0163610771718,2.875:17.1417436394318,-9.095:13.0017681489865,-2.32:16.0055490377556,-3.69:15.3037217695566,-9.23:14.2245245966254,-7.645:15.0345926117072,-3.505:15.0744809197531,3.355:16.174330743496,-5.6:15.4084392460755,-5.425:15.2922978979616,-9.595:13.7884362782732,
0.89:15.3384451624016,-6.065:13.0663987004836,-7.58:15.1450850113164,-2.825:14.4195830383545,-12.54:13.1475625117358,-5.985:15.5011217336037,-2.77:15.3393969894517,-2.365:15.5859479981168,4.445:14.1338945446752,-1.435:15.0590761668835,-5.015:15.660292941066,3.005:17.1925848841877,-5.72:14.6014245880325,-9.045:13.975799619342,-2.675:16.1458779569276,-0.42:16.8325161517819,0.76:16.2776656803118,1.09:15.7293324715323,0.63:16.0481494260242,5.265:15.7300595993785,-8.335:14.4489714166788,4.115:15.7902430316952,-9.845:14.1258973166309,-5.795:15.4739450367384,-7.565:15.600505600781,-2.805:15.5124780418861,-1.515:14.9311679047555,0.48:15.9724638049363,-3.18:14.579355266952,1.275:15.6419108487422,-7.48:14.4516296658889,0.09:16.3896888317015,-5.52:14.1954077081287,0.685:16.1930779964774,-2.91:15.5309980361856,-5.12:14.4404155064873,2.13:16.5058504779366,-3.415:15.3841728734437,5.035:15.1450907887672,-1.615:15.0468194313616,-8.635:14.5736671774814,-6.22:14.5176306606829,-11.665:13.4045803738871,-5.72:14.8926693376305,-5.105:17.6933313708866,-1.905:15.6877651372017,-2.065:15.0582460798062,-4.055:13.697517110776,4.11:15.8549014503402,-4.805:15.3397188696534,-6.71:15.0723554894383,-7.625:14.3855613376747,-5.94:14.4095940262035,3.33:15.3281146916377,-5.665:16.393070944762,2.325:15.417502229609,4.92:15.8168770621763,-5.005:12.9589727602152,-1.46:14.4294282631018,-9.535:13.6634100794787,-12.025:12.6563966040892,-0.145:14.5452389117539,3.295:16.6210100475272,-5.61:16.3798015860999,0.095:15.4585243474272,-6.59:13.82793910892,5.405:15.516152068087,-3.08:15.6442833009378,-5.775:16.4521845054084,-0.55:15.727285207562,-7.655:14.691357153102,-1.07:16.6614855280074,4.46:15.8255616014093,-0.725:15.5148114716229,-8.145:13.9231452983871,-7.515:14.6655983512436,-7.85:15.3361501035951,-8.175:14.9724538736975,-4.34:13.7587935517617,-4.56:16.5074649780031,-6.26:14.9145030088166,-3.045:14.8389007342188,2.02:14.2555112149652,-3.945:15.1354542383108,2.51:15.9087994518757,8.155:14.8368114836039,1.36:15.2574703014622,-2.31:16.0450584293109,3.035:15.7868228279157,3.385:16.5304801805634,-9.01:13.1213528265953,-3.78:17.2887709221911,-3.545:14.4985507896479,-8.66:14.5318409019642,-8.065:15.7788077813249,-3.325:16.0177830863075,2.35:15.6539931008034,-7.11:14.5209469388191,-4.1:16.4313724320277,-5.415:14.6288336855677,
1.55:15.5681566025011,-5.155:13.8271824678783,-8.68:14.995919444969,-4.84:15.2113247286356,-12.845:14.6928885859793,-4.635:15.8187159719112,-0.315:15.2543690462765,0.555:15.2307903603195,2.51:14.8697646249024,2.305:14.5949297703004,-4.795:15.5978516148859,5.87:16.3604125864845,-5.785:14.2779121372839,-5.55:15.5247383230765,-1.8:15.6217796681428,-3.11:16.5008454328862,3.2:16.9017750547095,-1.64:13.958524277301,-1.18:15.0498372084219,5.865:16.0616554252667,-6.84:14.7215624170806,4.975:15.3425674187862,-6.35:15.9344752031562,-5.645:15.7308288084258,-4.355:17.1104931255648,0.425:16.23281783918,-2.135:14.5707506670041,-0.545:15.4009082524376,-6.245:14.5377087259306,-0.825:16.0194998361372,-5.57:15.3406355800534,-1.765:15.4987023650369,-7.01:12.9417889026208,-0.295:16.7241733726962,-2.485:15.1706880199943,-2.96:14.6358600703888,-0.755:16.4345664682705,-3.06:14.3351456218624,3.96:16.549876132467,-2.185:14.9532864280733,-8.75:13.7625397365457,-6.65:15.0228991875736,-10.795:15.0174223820202,-4.965:15.4319076915331,-9.66:15.9898217626089,-3.355:15.5135094353277,0.325:15.1396623145961,-3.845:13.5610093650878,2.325:14.9468851270089,-2.645:15.3518394663311,-3.615:16.2245731839084,-8.44:14.3644143632798,-4.74:14.9416331102059,-1.74:14.7259091400158,-5.135:16.9152822914665,0.24:15.9255266788888,6.205:16.1366965330578,-4.955:12.8873183789336,-1.285:14.3507412700529,-8.565:14.1695368661082,-10.655:13.2817911066241,0.25:15.677611425214,-3.305:17.0397175739506,-3.925:15.8454843725271,0.86:15.3567704938245,-4.445:14.6087978629318,5.815:15.4486496173614,-5.08:15.0430581997146,-5.33:16.1425245857022,3.7:16.5127223679198,-5.545:16.1906755572459,-2.58:16.5844384891379,2.6:16.8620876524824,-2.065:14.7353579868288,-4.625:14.2142314248784,-4.365:16.3242695089244,-6.96:15.278363786741,-7.27:15.0687458004971,-5.405:13.6645883582346,-3.86:15.6153898446372,-7.1:14.2926554565623,-1.245:15.0540683869843,0.845:14.7811019548611,-3.94:14.5611263300611,5.25:15.9482757688723,7.95:15.4656878282215,3.655:15.2933310629176,-4.74:15.8345318844606,2.05:16.1228874585168,4.16:17.123504314246,-4.145:13.9084138204182,-5.845:16.2247026166892,-4.5:15.1264668710178,-7.305:15.804808603713,-8.97:15.523823626929,-3.06:15.9911350441424,1.8:15.3661966667097,-9.785:14.3585784463505,-3.89:16.4145636554859,-7.165:13.8671473274066,
-1.75:15.1584135053771,-7.09:12.8098360645248,-7.395:14.0641023531543,-6.325:15.1052763960147,-12.67:15.0831395935992,-6.38:14.0558030720411,-0.15:15.9172076696888,-1.7:15.6121747364036,1.95:14.6532419621052,-0.665:13.9621909097391,-4.845:15.532899761474,5.32:16.7594033306678,-4.515:13.9344815117033,-4.9:15.5019353630442,-2.36:15.5319155290003,-1.88:16.8328726009555,1.92:16.1791099878825,0.215:14.245658110456,-0.795:14.8964081241083,4.055:16.1611254249201,-6.9:14.9519229532525,2.705:15.2111135358329,-6.185:15.1509331395792,-7.875:14.1813037129877,-2.285:16.8657574689072,-1.555:14.6354697567246,-2.945:16.0867018061503,-3.165:14.8673392037715,0.15:14.6392451991214,-0.155:15.6125262209548,-4.545:14.9388076833461,-2.41:16.7845732742897,-6.21:13.9894924854335,2.65:15.4899160746597,-2.215:15.2823026733539,-2.645:14.8791456407954,0.825:17.5711233277784,-3.755:15.9660569646986,3.915:15.2186653488405,-2.14:13.901812831426,-8.27:13.8937791835051,-6.09:15.4735871729861,-10.565:13.1505047431648,0.23:16.6750442278274,-11.62:15.5745176490317,-2.055:13.9603715924756,2.575:14.2570815737303,-2.62:13.6771926944092,3.805:15.2573580609488,-5.1:14.7952695142738,3.84:16.8084621545221,-11.285:13.1629698396676,-0.74:15.324568509423,-1.72:15.0828246691394,-4.375:16.6470530425058,-1.29:15.3285974570409,4.26:15.4221399293354,-5.995:13.1047691700388,-1.6:13.9567188120991,-8.19:14.0504056880931,-10.61:13.2328341635494,0.22:14.3795549305255,1.505:17.8807151702609,-1.735:16.0914503696839,-4.335:14.8957300928823,-2.93:13.9540352586626,6.875:15.1307427114468,-2.895:16.841139361694,-6.51:15.1548639056905,4.455:15.2897997043781,-5.805:15.2704608640342,-1.525:15.8562093515443,3.59:16.9564707412834,-3.04:15.5791013861519,-4.54:14.9602272710009,-8.075:14.7972759317382,-5.705:14.9317773556935,-8.86:14.1244610516649,-3.26:15.0964366656506,-2.885:15.1519561443399,-7.38:14.7751683577548,-2.61:15.0239109422281,-0.965:14.7419054060186,-7.94:14.6470611386722,3.275:15.9254317052945,8.175:15.102462547545,1.805:14.9337528772911,-5.02:15.8287586373664,3.04:16.5105542002684,6.165:15.9197291120169,-5.56:13.7275780820945,-8.235:15.090718173765,-4.18:15.0657757848708,-7.325:14.5777012934139,-7.945:14.7706457204822,0.345:16.0151795181946,2.375:15.6730461302199,-8.64:14.006084392149,-1.925:16.6556109164449,-4.985:15.3780614838152,
-1.02:16.3807692127079,-4.12:14.2170883094957,-8.01:15.8088551135116,-6.475:14.1353944055339,-11.45:15.4436880310371,-5.295:15.6514528079664,-3.515:15.9492876016454,-2.965:15.189923469195,1.235:14.7067934982443,2.665:14.9386336389912,-5.53:14.6788657599966,3.935:17.6626944433741,-3.325:14.6440901048853,-9.08:14.4503840779406,-0.955:16.0602918715695,-0.66:16.2248081652758,0.025:16.0578446561175,-0.525:15.8350678874453,-2.555:14.6719792461685,4.85:16.3256699709384,-8.755:14.4773953113121,2.26:15.7109006743726,-8.685:13.4296602712057,-7.38:15.0816312115102,-1.785:16.8928616581087,-4.89:15.392137603335,-1.875:15.7676686609023,-4.55:14.6876648926914,-0.91:15.5293882686988,-1.515:15.4220548241796,-6.435:14.1097758663984,-1.52:16.5834134001417,-5.595:13.9251920992136,2.41:16.909816675529,-0.75:15.0092471496741,-7.585:13.471925437739,0.27:17.0163774053116,-2.32:15.9548613281344,5.605:16.9410440941519,-3.385:13.9401138804531,-7.96:13.7955934993751,-2.52:15.2672721859539,-12.265:14.3420631361042,2.38:15.4112166943431,-9.7:16.0124951209985,-4.115:14.5375986669051,1.505:14.8182311697449,-0.76:15.0586320759888,5.085:15.3244176072045,-6.49:15.3957753945685,1.745:17.7256868696251,-5.88:14.937389330134,-2.58:15.0224365533691,0.05:15.6415312549635,-4.355:15.957097950442,-2.1:15.6022434284304,5.675:15.7683028573147,-5.365:12.71502162798,-1.77:15.6878009931284,-6.78:14.3126377722627,-9.43:12.8056667143886,1.265:14.4376166661953,2.615:17.3068418551739,-1.42:15.0566795808372,-2.81:15.1507062541652,-5.325:13.4640029337489,5.56:15.5250249597223,-3.92:15.7944167350365,-1.46:15.8681567927721,1.76:16.2641446132282,-6.38:16.7247002962684,4.925:16.0878642149914,5.535:16.0037112883231,1.825:14.4980817696687,-6.49:15.2449959002946,-4.9:16.249923076741,-2.975:16.6605634658615,-7.51:14.2221622828598,-4.93:14.3598433139084,-5.13:13.4526242792996,-5.09:14.6376876589166,-0.615:14.6135818675642,-2.295:13.9290335271332,-5.235:15.1195163613126,3.5:16.3046005777511,7.09:14.6329047013913,2.15:14.8140980150666,-4.67:14.9469428312281,0.82:16.345262310529,3.925:16.7155429166988,-5.295:14.4999301722457,-9.86:15.0562412307986,-4.195:14.8370136820049,-7.825:15.1305774840222,-7.805:15.2120667563615,-0.76:15.8022909731469,2.275:15.499657254275,-5.86:15.4479901605354,-1.525:16.6954896603843,-6.05:14.4339010665863,
-0.705:14.6221740859559,-6.39:15.0807128478729,-6.41:15.3457453386924,-4.38:14.7083513692052,-9.12:15.7084563213576,-2.415:16.8283325080057,1.42:16.474028044167,2.255:15.6217788679779,1.175:14.4310212736313,-0.58:14.8860202875047,-5.245:15.0028322326153,5.145:15.7443315196295,-5.335:13.9090896538918,-6.95:14.9428076344441,3.275:16.5402350346058,-1.535:15.6741435172707,2.16:16.2577489216681,-2.855:15.7376610396844,-3.675:14.3634736397572,5.325:15.65916265322,-10.705:14.2537003967391,3.995:14.9784837350114,-8.74:14.4897342970808,-6.015:14.8285122315086,-5.25:16.2953214144429,1.16:16.3683963783872,-2.02:15.2091945874856,-1.87:14.6735510357923,0.54:16.1838932275272,0.42:15.5827982082808,-4.62:14.0073409325253,-5.19:15.2733067801311,-3.11:14.5913638841611,2.27:15.3595930935686,-2.62:15.2359968495665,-6.825:14.3155291554312,3.26:16.7180261992856,-0.41:16.189252607826,5.225:14.8675611651676,-4.095:14.4926179484591,-8.155:13.5078116288317,-3.485:16.7821266530795,-10.495:13.3921609533339,3.26:16.2022344138085,-5.175:17.559167833357,-3.775:14.4856610135679,3.305:14.7150254841777,-2.75:14.2736645610018,2.3:15.9464729642639,-8.235:13.4502704433777,1.455:17.7490274381443,-4.405:15.1489595352288,-3.885:14.7309801099587,-3.235:15.6843799686185,-9.16:15.8976224637522,0.55:15.9667623518358,6.41:15.6212003380022,-3.415:14.1291462940972,-0.74:14.6650059665859,-7.76:14.0858936528713,-9.51:14.559872939006,2.175:15.4218797492394,4.845:16.3566798281314,-0.08:15.3076320833759,-6.285:15.8784059338461,-5.06:14.4463282532275,5.065:15.720075540531,-3.56:15.7317004802405,2.185:16.6319203641672,2.365:16.1400673790415,-5.735:16.115668617839,-0.52:15.6217668654989,2.36:15.9515014967244,0.87:15.7096499006184,-3.195:14.8380246326794,-7.495:15.4732018341389,-4.025:15.9691695150374,-7.42:14.32004189938,-4.98:14.345717130907,-7.42:12.9059521152064,-6.055:14.9121418649368,-1.465:14.925440529512,-5.16:14.0276298782082,-7.795:14.9513536176495,5.135:15.3309091380779,8.365:14.110342837791,0.725:15.4012783560327,-3.65:15.9839763513339,2.115:16.1546208559656,5.91:17.218649772848,-4.185:14.4962331314035,-10.01:14.6526414001026,-2.88:16.2383989358557,-7.995:15.1094333116765,-9.18:15.332566647499,-0.425:15.1104061824956,6.97:14.7346224926192,-7.375:15.3321353698694,-3.545:16.7805832735337,-4.18:16.1656302073257,
-2.065:14.3468036509879,-5.325:14.6427243025333,-4.245:14.4984473306627,-6.355:14.1222864650169,-10.06:15.694788944105,-4.67:16.1301301916631,3.16:15.3542958158295,2.265:14.5025782190616,1.21:14.3988159235404,-3.125:14.1640169090551,-4.795:14.9332841331035,3.905:17.2382126393661,-5.275:13.4903437687851,-4.815:15.6540977063515,0.14:16.7209569104163,-0.73:17.0926036635733,0.145:15.744966656046,-2.02:15.2177396481869,-6.67:14.3471634827237,5.965:15.8721068229772,-9.28:13.3731671641388,1.91:15.5641222046089,-10.96:13.5465272302535,-6.495:14.9976656516939,-1.575:17.1159099962579,4.36:15.8704253251134,-2.77:15.7837606418749,0.72:15.3919329520369,-1.065:15.7372416579272,-0.29:15.6449960051129,-3.56:15.5092359579703,-7.27:14.2683951445143,-4:14.6160870276555,1.74:15.8380049248635,-3.355:14.2866712358058,-6.665:13.8622788530602,1.48:16.9280713609082,-1.03:15.6546830054141,4.435:15.5973002471582,-3.355:15.0900289926826,-8.59:14.4018019705869,-1.445:16.4291501606139,-11.67:13.0729147476758,3.5:15.317310468878,-7.465:16.493901145575,-1.435:15.4183583756508,4.54:15.5624034133549,-0.745:15.3254681820818,4.565:14.9440882960454,-6.54:14.8276228708448,4.935:15.9518266979052,-2.65:16.0039838790221,-6.135:13.9458515336999,-0.89:15.66581948064,-6.295:16.1142165493703,-1.325:15.3495724696162,5.825:15.7398975536691,-4.75:13.537632732498,-3.075:14.8616747037472,-5.71:14.9126087590334,-11.06:13.4337783218274,-0.075:15.3107601052332,5.585:16.4235433144008,0.94:15.5124595084081,-1.67:15.5032609472975,-4.435:14.5748336182613,5.075:15.0691530949818,-4.22:16.9310838400854,2.2:16.4091437924104,3.215:16.5175293249324,-3.835:17.1632681911109,0.735:15.3030969087959,1.775:16.0665607707437,2.31:15.2651203729286,-6.595:14.2860412641151,-9.585:14.3353679757445,-4.395:16.7394436884862,-8.56:13.3785798947422,-4.845:14.6881236037828,-7.16:14.867898304737,-7.335:14.6339596487075,-2.075:14.8175360637321,-3.385:14.2122051420601,-6.64:15.8022276910567,4.825:15.3780484782693,6.675:15.0522215968275,0:14.4163102075392,-3.93:15.7878149216413,0.925:16.7752608027416,5.74:16.4627579706439,-4.6:14.4744602662759,-12.445:13.8375205510236,2.565:17.5466741862952,-6.835:15.6127439932896,-9.215:14.4315201901948,-3.47:15.4453585261074,6.965:15.3968754947229,-8.085:14.9059644102621,-4.67:16.4137472869543,-8.01:14.2786518971505,
-1.875:14.9348376288462,-4.31:14.0965917866696,-9.345:13.226336416408,-3.46:14.2936489393017,-10.425:14.9938112233014,-1.815:16.7654637573793,2.825:15.4875554881976,2.745:15.3785556864096,0.305:15.2102588735366,-0.56:15.8775438906652,-1.89:15.2832555432408,4.98:16.8240779836519,-7.675:13.822422906278,-3.73:15.8725265789666,0.58:16.7180620886513,-4.45:16.1755216299197,3.825:15.6126351075019,-3.78:15.3886841542739,-4.82:15.350817567804,6.155:15.1509397398313,-9.495:13.8719131701435,2.14:16.2733032909732,-12.36:13.0977249932956,-2.06:14.8454168011545,-2.895:15.9478517362057,3.075:16.2378993407399,-5.54:15.5582261199662,-0.3:14.9157634735873,-9.54:14.0370367243233,-1.965:16.5826347424045,-5.6:14.4834388181813,-8.32:14.2403511192667,-6.37:13.8698630130222,2.86:14.9796662179102,-3.055:14.6966654381189,-5.195:15.1696069494236,3.965:15.3682716985353,-0.615:16.1442489760286,3.03:15.7088860203389,-2.895:14.5486760566039,-9.075:13.8884619378821,1.345:15.9745414644678,-12.24:13.7805079732207,4.995:16.254383254987,-6.79:16.2251625569669,-1.745:15.3195944789671,1.39:13.9981391620458,-1.195:15.4307153107042,0.35:15.5453369214051,-7.2:14.1749779541275,4.945:16.765499545197,-1.54:15.7704914317849,-6.95:13.8013586287728,0.97:15.3564025735196,-6.83:15.4013343577756,-0.105:16.0522264810835,7.175:14.9734556799691,-4.305:13.5802052635444,-0.405:15.0632325548004,-4.66:13.6185314920516,-11.775:10.9614951078765,-0.48:15.1934064646477,5.35:15.7085167982213,-2.415:15.5049274425906,-0.785:15.5060883203985,-3.125:14.738364054399,6.355:15.7375021842731,-2.78:16.4119346818101,1.285:16.530691909294,3.62:17.397861937606,-4.48:16.9979292856512,2.03:15.1663805833824,0.815:15.6467496624698,2.78:15.0366751644105,-4.125:15.0259567083098,-8.805:14.5676688251758,-4.58:16.1744737163223,-8.75:14.0878493745497,-5.165:13.5228611987257,-4.84:14.0233519530817,-2.455:14.0441437973271,-4.035:14.7307085708733,-5.13:15.0330668860349,-7.125:15.5874749398355,1.92:16.551543734649,7.24:15.1242322119174,-1.06:16.4035483966122,-5.07:16.2276030269415,0.57:17.2402175160292,4.38:17.1701951066376,-4.685:14.7480769932897,-13.5:14.1294019689441,1.385:17.9576383469542,-7.785:15.0956541759541,-10.08:14.2198312226271,0.205:16.3016249190073,4.705:15.2406684564687,-6.975:16.1351905783601,-2.295:16.1191803451664,-7.86:15.1436587388913,
-2:14.1774468787578,-6.04:13.2184870541223,-8.59:15.3049632472607,-5.145:14.0183442317558,-8.26:15.9831911707268,0.24:16.8161351088768,-0.825:16.3815254173718,0.2:14.3366662791599,-0.97:14.2782737051788,-1.87:15.1010959867157,-1.545:15.9332349195008,4.145:17.1902290560655,-6.69:13.6232852131929,-2.575:15.3705684670412,2.695:16.2512145699945,-4.34:15.2093523859499,1.155:15.6025951367072,-4.93:15.3256353865019,-6.66:14.7805412620783,5.585:15.7163219297646,-7.175:13.4478390457352,-1.01:15.317307204597,-13.25:12.4051400636994,-0.89:16.1061447901104,-0.48:16.7773537841937,1.265:16.1976780743414,-5.06:16.7399641576677,3.63:15.7061484775867,-5.735:15.328886945894,0.435:16.5025990377274,-2.795:15.4013952290044,-6.915:14.3668985866818,-7.045:15.1737594221076,0.855:15.8462605999018,-3.62:13.8681505616286,-4.31:15.6685640694992,1.29:16.1779448633008,1.17:16.3954597373785,1.57:15.7100318268296,-2.725:15.3538065312808,-11.43:12.6370526627058,1.79:15.2494557279924,-9.33:14.6806369071645,2.885:15.3603963165017,-6.89:17.6954203114817,-3.195:15.2363701385862,4.24:15.3672508927264,-4.335:14.5341933040675,0.935:16.3737831608947,-7.58:14.3671013081971,3.73:16.6960204839357,0.57:16.517720787082,-8.4:12.4519074843977,-2.105:15.1160171672303,-9.465:14.6105706596286,1.335:15.5927154466437,5.02:15.2443300935135,-2.755:14.6073603022586,-3.215:15.255122910026,-2.3:14.4906866641992,-9.725:13.4297943022222,-1.94:15.9036599561233,7.25:15.9576784025747,-1.81:15.7061739452993,-1.52:15.5579433088053,-0.915:14.9451589151805,5.215:15.2620042917043,-4.375:15.9189941579234,0.08:15.792517215441,3.88:15.5905612471136,-3.495:16.8300319369869,4.46:15.421686029744,-0.455:16.1418082939923,1.605:14.4121120936523,-3.23:14.5453463348248,-9.83:14.2695865392099,-3.315:16.1082517673396,-8.95:13.8201845139636,-3.27:14.8201585686524,-8.25:14.4974997844456,-2.27:14.241035776937,-3.435:14.9250050251248,-3.62:15.0051857702596,-5.12:14.3347689203558,3.775:16.9742267865137,6.245:14.5418353380858,-3.04:16.0427055074884,-8.445:15.7244069840487,0.31:17.4923954906125,4.62:16.9492064711006,-2.27:16.0379892754672,-13.385:12.6896325793933,-0.66:17.3834519011616,-3.84:16.9202364049679,-10.775:14.5806164135814,1.94:15.240288711176,3.425:14.3270504640697,-6.71:15.7906902952341,-2.785:15.5820016365036,-8.415:15.0632923028135,
-2.765:14.1513170765127,-4.51:13.5922735405082,-10.095:14.6409007578086,-5.98:14.5044682770517,-5.665:15.442887521445,0.005:16.0954954878686,-2.025:15.6343971741798,1.38:15.0098500991849,-3.99:15.7299046405247,-3.305:14.1556340373718,-0.46:16.051429842852,5.94:17.658323816263,-7.295:13.2863830668847,-5:14.8690954667727,-0.585:16.8538652836671,-4.08:15.4260688446539,5.065:15.303292946291,-2.445:15.111815741333,-4.785:15.3739641927513,5.47:16.3706780555968,-9.885:13.6217390593125,2.84:16.0528626730562,-11.33:13.362675630277,-2.965:15.9913656389941,2.05:16.2575367137829,2.445:15.6091952066722,-5.275:16.6258646391699,1.44:16.0995776342114,-4.82:16.6831531791805,-4.02:15.5041800815135,-1.86:15.4838754838703,-5.99:14.7885056716357,-5.38:14.2030137646909,2.085:15.6670921041526,-2.74:14.7330377044247,-4.235:15.1729949251952,2.465:15.6891291982697,0.14:15.2095496317281,2.09:14.6956422112135,-0.535:14.727144156285,-9.04:13.943399872341,3.37:15.5204091440915,-10.075:14.2621658593637,3.295:14.4353030796031,-5.44:16.8987100099386,-4.32:15.362213382192,2.92:14.5111543303763,-5.805:14.518160179582,6.905:15.5921767242422,-7.915:13.1790657863143,1.305:16.6907751467689,-1.655:14.8204579888747,-1.99:15.0482523902279,-2.485:14.709173158271,-5.585:14.8038094759423,-1.065:15.9116553192935,3.705:15.5925615278568,-1.425:14.3608626133669,-3.97:14.081871324508,-1.69:14.0329576355093,-5.485:15.5280319100651,0.185:15.2443686323836,4.655:16.1222199153839,-0.585:16.6127293061676,-2.57:15.7732399969062,-3.01:14.3627956888622,4.605:14.9832898590396,-4.72:15.3633199537079,0.715:15.3728258625407,5.965:16.2272540807125,-4.565:17.487589170609,2.595:14.8939912380799,1.28:15.7940368493935,0.725:15.4990120652898,-3.355:14.4930664457181,-3.02:16.9342729398106,-3.015:16.4169051590122,-8.17:13.5591703286005,-3.205:15.1918720044634,-6.4:13.9842768851307,-4.975:14.143350911294,-3:14.6942165493775,-8.7:12.444275792508,-4.84:14.7751277490247,5.465:16.1718513164078,6.02:14.8855500402236,-4.98:15.0774533658705,-8.92:15.3024050397315,2.945:15.9953735498737,5.035:16.2383427417948,-2.545:15.4475879994257,-11.24:14.9292464645742,2.64:16.1830281467963,-1.96:15.2318219527409,-9.745:14.1484972700284,0.595:15.5727638844233,5.69:15.0091272231266,-9.155:13.3709003062621,-2.09:14.9526552825911,-7.725:15.1280988561022,
-0.83:14.7844884930119,-5.56:13.8411126720362,-9.99:13.9502652304535,-8.545:14.2820858070521,-5.12:16.2882043209189,-3.96:17.3210392297922,-3.37:16.0347466459561,1.965:15.0477166041895,-0.95:15.7428555224267,-0.88:15.1454811742645,-3.705:15.4232932605199,6.565:16.6164308742883,-8.355:12.8991850517775,-5.105:13.8803449164637,1.3:16.3853593186112,-2.73:14.8454403774358,1.705:16.5250711042343,-5.765:15.1135626177285,-4.61:14.432875666339,5.81:15.7627377063758,-10.58:13.8691600322442,1.075:16.9537422122669,-10.5:12.7549990199921,-4.6:16.2003086390353,-2.2:15.5833244206748,0.165:16.1517112096521,-6.66:15.1929062394264,4.445:16.0473354486033,-6.32:15.4427199676741,-3.005:15.4381014052894,-1.885:15.480044412081,-6.425:14.430674793647,-7.425:13.7315102956667,2.495:16.0330900016185,-2.84:15.5053023188843,-2.5:15.734992850332,-1.54:16.0965337883657,-1.065:15.0000258333111,1.93:14.0055381903017,-0.95:14.4113670413323,-9.26:14.2436792999562,2.865:14.9598387357618,-8.45:15.2383562105629,0.82:15.2301542999406,-9.215:15.3091075833962,-2.655:15.0491187449631,-1.315:14.2588840727457,-1.72:14.4779694708892,4.84:16.4886142534781,-8.385:14.610502215872,2.72:15.8493406802933,-1.695:16.5457539870506,-4.77:14.1794604974943,-4.955:13.9797344395378,-5.415:15.1103532387565,-3.15:16.1739760108639,5.79:15.4293843039831,-1.905:14.1416397564073,-1.23:14.6583457456836,-0.34:15.6055887424986,-4.79:15.0231787581723,-2.92:14.6677742006073,7.505:16.27298297793,2.31:15.5358907050738,-6.85:14.9123271155109,-3.645:14.5261479752893,5.92:15.4959220442025,-3.595:14.275187389313,-1.025:14.6394800112572,3.735:15.5117624723949,-4.07:16.4150875721088,5.245:14.6282252853858,-1.84:16.4232883430816,-1.6:15.8268758761797,-3.775:14.7609069843286,-4.395:17.3031492798276,-2.8:16.6060230037177,-6.69:14.5610404848005,-2.135:15.3459041766851,-9.985:12.9959522544522,-6.16:13.6694696312622,-5.355:14.2084121209937,-8.825:13.0852732107511,-3.82:14.9845787394908,4.61:16.4437799790681,6.825:14.9697820625419,-6.16:14.4168096332025,-8.02:16.0181022596311,2.48:15.8448603654308,6.415:16.0512546238604,-1.165:14.8911979034596,-8.395:15.1257718811306,0.335:17.3254949424252,-2.33:16.3410862552035,-7.5:14.9572724786306,-1.555:15.9005337960711,4.065:15.6550558925863,-7.685:14.7049574973884,-1.25:15.1475245502359,-6.42:14.84734319668,
2.055:14.7530327390676,-3.24:15.1083553042679,-9.735:14.9938245621322,-7.25:14.5333237767553,-9.915:15.6677303716907,-7.085:15.5228146610078,-4.11:16.1504767731482,1.795:15.0503480026211,1.135:14.7409896207819,-1.125:16.0580003425084,-2.43:16.4114319911457,4.84:16.9285084989789,-6.685:13.4158777200748,-6.73:13.147513072821,0.475:16.8943592657431,-3.065:16.3646196106112,3.11:16.9728577440571,-7.24:16.2874921335361,-4.515:13.7007216963195,4.205:15.736358377973,-9.815:14.4128683821091,3.705:15.5527481494429,-12.29:12.29861374302,-2.065:15.0472846387646,-0.845:15.9009740267696,0.1:15.6240199692653,0.53:17.335486725212,2.295:14.8360363642046,-2.035:16.4448707808848,-2.525:17.2113153187082,-0.27:15.2012203457486,-6.375:13.7773137802694,-6.74:13.733987039458,-0.31:15.403697608042,-4.08:14.421636522947,-4.555:14.295697779402,0.36:15.2614022946779,-0.91:15.7725045569814,-1.88:14.4154639190003,-0.665:15.2785069623966,-8.465:14.9659204528155,4.58:13.9811873601637,-6.23:15.6248871995928,1.73:15.3621971084868,-10.345:15.5722822668997,-3.94:14.2019857766441,2.05:13.7356288534599,1.155:15.1628155367003,6.175:15.29850891427,-10.5:13.5454789505576,3.105:15.1054286599222,-3.125:15.6358362424272,-6.45:15.0541522511233,-5.86:14.2506280563349,-5.96:13.5616518167958,-1.28:15.1251975193714,5.96:15.5131685996124,-2.815:13.6070119791231,0.335:14.9027774257016,1.235:14.7271781071596,-4.005:16.1955233012089,-2:15.8911925291968,6.935:16.5357423480169,3.215:15.8309435915867,-5.73:15.8926744130747,-4.825:14.5510953195971,5.3:15.6703541759591,-2.34:15.1794071030459,-3.665:14.9463298170487,3.63:15.8934923789581,-4.365:15.8543929243601,4.9:14.2709495129091,-2.075:15.9310820410919,-1.1:15.8037970121107,-3.285:15.2093318393676,-4.58:16.2013456231265,-3.58:16.1205955224985,-6.24:14.8957175053772,-3.715:15.229043797954,-9.425:13.0875656636366,-5.96:13.1327224900247,-4.37:13.8961541442228,-6.95:14.5522335055482,-6.055:14.6277809321852,5.685:16.7420361664882,8.265:13.8828950511052,-6.88:13.175947783746,-5.51:15.2676095050928,3.05:17.1060661754829,6.265:16.3916068461881,-0.625:16.3010544137488,-12.2:14.6570802003673,4.505:16.8151709774239,-4.87:14.8813003464079,-7.815:15.6914236129167,-2.72:15.7019616608881,2.58:16.0699595519093,-8.885:13.8065844798777,2.725:15.6514975321852,-7.42:14.8712339770444,
1.32:13.6874979452053,-2.39:13.5428172844501,-7.23:15.6021504928007,-6.48:14.6481944279833,-8.18:14.8130888068627,-5.87:15.6410709352013,-3.945:15.8054413098781,1.315:14.2942567137994,-2.655:14.8062816061292,-2.545:15.3970118854276,-0.165:16.4255220617185,2.04:18.1443765393027,-7.415:14.1528362881791,-4.24:15.0323783879997,-5.39:15.4323653404136,-3:15.6163375988098,-1.8:16.181470884935,-6.155:14.8597097885524,-2.355:14.2831710414739,6.39:16.3109748329154,-10.025:14.2384821873681,0.895:16.2103045930667,-8.53:14.9786214318942,-1.64:16.3376987363582,-2.235:15.5663025474902,0.82:15.8756921108971,0.86:17.1869252631179,1.865:16.5416678421494,-1.54:16.2584870144795,-1.78:16.3719760566646,-1.185:15.083460312541,-7.68:13.7414555269811,-6.49:13.716774402169,-0.65:15.3651391142417,-6.185:14.7197409963627,-5.175:14.1899392176288,-5.48:16.7648322389459,-1.22:15.6857132448608,-2.76:15.5422778253382,1.345:14.6998630946006,-8.47:13.5896688701381,4.22:15.1684409218614,-3.6:15.1400132100339,2.505:16.0480520624779,-10.21:15.3767974559074,-4.21:15.9557481805148,3.24:13.9388808732983,0.19:14.1125440654759,6.765:16.1245085196418,-9.21:14.0828228704333,1.165:15.044194062827,-3.34:16.1850054062394,-8.305:14.4118692403172,-6.285:14.6636889969748,-3.285:14.7578377481256,-3.02:14.8633643566993,6.44:15.2258464460929,-0.68:14.6750672911575,0.73:15.1722476910971,0.125:14.9227804044689,-1.845:16.0178330307192,-5.61:13.8162187301736,6.725:16.1514511731918,2.695:15.8566066672539,-7.645:14.7098257977449,-1.86:14.7098742346765,4.625:15.1922472004638,-2.625:14.2539248980763,-3.81:14.9563999679067,1.92:17.1960344265764,-5.3:15.0059988004798,3.94:13.942969554582,-1.705:15.9090532402151,-0.895:15.3796610820915,-2.005:15.2504090109085,-6.05:14.9822394854708,-6.185:15.1430107640456,-4.09:14.7099252207481,-4.065:15.3805323379914,-2.51:15.3368803868323,-4.46:14.1137663293679,-3.405:13.5429308127894,-8.145:13.3133006801469,-3.605:15.635183881234,2.675:16.7134489259399,6.445:15.4277987736423,-4.005:14.4369309411661,-5.1:15.7955689989313,3.29:17.17311561715,5.07:17.3630383285875,1.75:15.630658975232,-9.84:16.1246519342279,4.43:17.0163186382954,0.805:17.0325269704762,-5.235:15.274808509438,0.67:15.6790018814974,3.755:15.1896338007208,-9.74:13.2209076844217,0.77:15.5118374153419,-4.34:15.8655097617442,
4.3:14.6914941377656,-1.125:14.5938129013634,-8.405:14.5465107500046,-5.815:14.8825661429741,-6.24:16.7967973137738,-6.085:15.2858684738552,-5.615:14.8272308608182,2.53:14.7847590443673,0.685:14.825510952409,-1.9:15.9135162676261,-1.55:16.0874951437444,4.335:15.3311048199404,-2.355:15.3378282360965,-3.62:15.1051514391614,-2.935:16.3220946878763,-4.645:15.062834228657,-0.915:16.3363941859885,-6.695:15.026375976928,-1.8:15.4116838794468,4.265:16.1358227246087,-10.75:12.712887162246,-0.445:15.4488502808461,-9.67:13.0380635065181,0.475:15.2806863392977,-3.52:16.5278431744738,-0.44:16.1569304015336,-2.24:16.7532802758146,-0.5:16.0168661104474,0.42:18.6808350991063,-3.725:16.0614250613076,0.135:15.6900215105015,-8.26:12.4664509785263,-8.01:15.9028267927435,-2.41:16.1487429851366,-9.405:13.7200938407869,-4.12:14.9738305052515,-6.715:16.7099902752814,-1.25:16.5202148896435,-0.5:16.1449682563949,1.5:14.4592530927431,-9.165:14.2614085910193,3.65:15.5543402303023,-4.585:14.5372891214284,0.695:15.8212507406968,-5.725:15.2947499162294,-3.93:15.0111658441308,3.5:13.8546021234823,1.53:15.2183803343194,8.475:14.5553898951557,-7.195:15.668343084066,2.65:16.5425965313792,-3.12:15.3253254451578,-8.035:13.8652001428036,-6.27:13.9512400882502,-2.355:14.1190996525982,-4.055:14.5650944040882,5.72:15.8720383064054,-3.18:13.8491010538591,-0.385:16.4853503147492,1.22:15.3675502276713,-4.105:15.1681895755558,-5.355:13.6809712739995,7.48:15.5714353866302,3.58:14.9791054472555,-5.485:15.6297720712747,-3.21:14.0778513985622,3.815:15.66399613764,-5.095:13.7759201144606,-4.555:15.5684609065893,4.225:15.9854425963124,-5.425:15.0968332772141,4.48:15.1297587555123,-2:16.2907949468404,2.01:16.3180850592219,-1.495:14.1721549173017,-2.14:15.3101404304467,-4.95:15.8832458899307,-3.83:14.5176134402318,-1.29:15.1170731294123,-6.58:14.6653878230342,-5.815:13.5753738438394,-5.445:13.7752304880899,-9.36:13.8582249945655,-4.19:15.1968384870012,5.975:15.4066341230004,8.115:13.980406825268,-0.605:15.0362553516492,-4.965:15.0271013505599,1.255:17.4312929813023,3.725:17.2162532218831,0.285:16.435138423512,-13.92:13.250418861304,3.005:17.2236748401728,-0.38:16.7962972109927,-3.65:14.9210421888017,2.18:15.1349793524801,0.93:15.9610494642426,-7.62:14.2827028254459,-0.605:15.5089965826291,-2.46:16.8489881001798,
4.155:15.1063223519161,-2.835:14.7131837139349,-11.56:13.3456509770037,-3.56:14.1175918626372,-8.275:14.8811751888082,-5.6:15.5858910556952,-1.795:16.7189406063901,5.765:15.6713041895051,-0.72:15.5836966089564,-1.28:16.0969438093074,-0.31:15.9772932626274,2.73:17.7658971065353,-2.945:14.4517118363189,-6.935:15.625964770215,-2.61:15.9175343568029,-5.09:16.1124765321784,2.255:17.1026306456054,-6.97:13.9928231604634,-4.4:14.9308405657552,4.85:16.1452005252335,-5.61:14.4809495545009,1.745:15.7308605931144,-7.885:12.5276404402425,0.655:16.7524916057284,-1.465:17.0052572753252,1.58:16.4153464782197,1.215:16.5815793879835,-2.35:15.5803562218583,-1.97:15.6358274485235,-4.31:15.7671779339234,-0.69:15.1143607208509,-6.51:12.0029121466417,-6.18:15.268189152614,-1.655:15.6571381484612,-8.23:16.078777938637,-3.005:15.0158241532058,-7.89:15.8498548889256,-0.22:15.2699574328156,-0.085:16.0224147680679,2.445:15.046161470621,-10.03:13.683168492714,3.395:15.1274245990519,-9.65:15.2757160224979,3.74:15.8105154881174,-0.485:16.6972984341779,-3.255:14.6632184393468,2.625:14.4763384527995,0.325:15.5367105591885,6.31:15.6902485639967,-6.13:13.8867958867408,0.535:15.1485568619588,-1.375:16.335371896593,-6.625:14.6531353300241,-4.105:15.7624228784791,0.275:14.6498933443217,-3.945:14.7949983102399,7.15:15.5581971963335,-2.075:14.9308196359075,-1.38:15.7008152654568,1.775:15.7494245926637,-7.65:14.6808548797405,-2.745:13.9992848031605,8.535:15.0535303168393,0.63:15.838027023591,-1.565:17.1317183901674,-2.21:14.7463859979318,4.59:15.5641222046089,-4.045:14.4711082851315,-2.425:15.629919225639,4.705:15.0982772196036,-4.635:16.7830800212595,5.495:14.5598755145777,-4.48:14.7631162022115,-3.41:14.6390539311801,-2.025:15.294259544025,-1.485:15.3912239604263,-5.155:15.9818952255357,-4.415:15.1836351049411,0.735:15.0307942238592,-3.7:14.7237902728883,-8.985:12.378803455908,-5.135:13.872879117184,-9.94:14.3807649309764,-4.105:15.1308947190839,3.735:16.856891024148,5.56:15.2071167549934,-2.83:15.3248523647049,-2.6:16.2064801854073,0.155:16.6183926719764,5.135:16.1807532272141,3.36:15.9681057110729,-11.38:14.576542799992,4.06:17.5788623067592,2.135:16.5335046194084,-3.785:15.0405709665558,-0.07:14.6838380541328,2.885:15.2925398479128,-7.775:15.0520555074714,-4.125:15.58234176881,-0.72:16.8181925307091,
4.47:14.931480167753,-5.265:13.655942845516,-9.37:13.2175300264459,-3.995:14.7913817812941,-8.065:16.3049310026139,-5.94:15.3585936856211,3.305:16.9124798595593,4.07:15.4555847511506,-3.765:14.5475006444406,-1.67:16.2978863660292,-2.975:15.7039604877241,-3.095:15.7116509317131,-5.02:15.5447611753928,-4.775:14.6261538006408,-3.95:16.190043236508,-5.985:15.0284654905283,5.82:16.6234051866638,-9.745:14.2056318057311,-3.5:14.7261671863387,3.245:15.895438811181,-4.05:15.2613072834538,2.845:16.2111373752738,-8.91:13.2042379560503,1.04:15.4398316052993,2.165:16.7340304469664,1.035:14.8200463899409,1.675:17.1868954439131,-1.95:16.0208457954004,-4.615:15.8671602689328,-3.475:16.9121073494701,-1.225:15.2228241466556,-7.41:11.9683708164478,-6.135:14.7731775525782,-1.02:15.699031817281,-7.195:16.2713544304093,-3.775:15.1381760790394,-7.57:15.7243473632453,-1.465:15.8227296949673,-1.595:16.0496409617163,4.41:15.2774965226637,-10.8:13.8003623140844,2.35:15.5976761089593,-6.425:16.2734254230632,2.515:16.4392753794077,-2.235:16.0713961745705,-4.375:14.9570844418289,5.165:14.4082537109811,0.875:14.9174185099165,8.33:14.8250160202274,-6.55:14.8184850777669,-2.305:15.1697717517437,-2.57:15.578032610057,-8.075:12.1564540471307,-7.59:14.4593187944661,-2.56:14.8066336484699,-5.375:13.5441638723105,4.765:15.1433079279264,-0.54:15.7530441502587,1.225:15.1054419001895,2.41:15.9687789138681,-3.635:15.5666879907063,-7.715:14.3406337028738,5.325:16.0121633454071,2.49:15.0748101148903,-1.965:16.2681829040615,-1.11:14.9962628677948,5.99:15.5380146736963,-1.64:14.7010339772412,-3.425:14.2970058054125,7.385:15.1068453027096,-3.005:18.0309449280951,6.245:14.563480868254,-4.89:15.1386227907297,-0.965:16.0593827714517,-0.13:15.4160014270887,-1.625:15.9632194434581,-6.32:16.2587699411733,-3.97:15.6904142711402,1.42:15.2965224806163,-5.61:15.4119401763697,-6.095:13.6446317282659,-5.275:12.9818864191611,-11.08:12.5348952927418,-5.485:14.8188992506191,4:16.3771181836122,6.22:14.7173910731488,2.22:15.1225526945685,-3.39:16.6846606198628,2.295:17.3847052031376,3.895:16.8574605145615,1.27:15.7954772007686,-11.255:13.4149161383886,5.935:16.6997238001112,1.82:16.8326349690118,-3.775:15.1418088417467,1.435:15.3338114961675,5.83:15.1483035353798,-5.41:15.8849582939333,-5.56:14.391886603222,-3.01:15.9821744453,
3.805:14.6849233910157,-9.005:13.5821564929874,-10.44:12.9443578442501,-5.775:15.0935209609952,-7.53:15.1812087792771,-3.285:16.477371604719,4.785:16.8207840185884,4.79:15.6689469971661,-1.455:16.0458086427578,-0.33:15.6016377345457,-0.04:15.6980380939785,-0.925:15.8338048175415,-7.195:13.0329188979292,-3.785:15.7670154119288,-3.08:15.7032990164487,-9.37:14.0631824278859,4.91:17.1700873614551,-11.535:14.0910884959254,-3.305:14.8540221825605,-0.05:17.6348376800015,-3.335:15.9110896861277,-1.13:16.3279851788272,-8.82:12.9906735776094,2.92:16.0107338994813,1.515:15.7270396133538,2.115:16.2801036544612,-0.33:17.2348803303069,-1.355:16.083189204881,-4.68:15.0544877030074,-2.925:16.8703697351303,-3.215:14.793200296082,-4.33:14.4610200193486,-4.79:15.0351554697649,-4.42:15.1727914373065,-6.385:16.3593023995524,-5.065:15.1825813022687,-9.69:16.2312630438916,-0.395:15.8281071199307,0.02:15.6901115356138,0.185:15.1967356692153,-7.09:14.4014547876248,2.43:15.2343394999586,-8.71:14.1935161253299,5.14:15.9204396924206,-2.84:15.8165862309159,-4.845:14.2982857364091,5.465:13.6864449365056,-0.35:14.9448151544273,5.185:16.3942299300699,-5.42:16.1407434772999,-1.485:15.2643301523519,-1.695:17.057021281572,-6.815:13.5303649248644,-7.585:15.293553380428,-0.1:15.0362894358948,-4.88:15.1114393755195,4.745:15.2384374198932,-0.72:15.3818594454637,-0.9:14.8919441309723,2.155:15.8385913199375,-3.99:14.271296367184,-8.435:14.2893588029694,5.525:16.0093527351983,1.11:15.1742512171112,-3.675:16.4611474387419,-4.685:14.7161739253109,6.27:15.9137393468663,-4.995:14.5411476507186,-3.145:15.9403254358247,7.205:15.7436645988156,-1.155:16.0100273266475,5.165:14.007418570172,-3.51:14.6683298299431,1.195:16.737890398733,-1.13:13.4340276909049,-1.315:15.9447726543843,-4.84:16.0107588827013,-3:15.0296373875087,0.29:15.1817620848174,-3.74:15.5808343807384,-9.43:11.6724076351025,-3.23:15.1696110695034,-12.795:12.0885472659042,-4.635:15.5480473050477,5.26:16.3948894476297,7.58:15.0211051524181,-2.195:14.6241914306398,-3.05:15.9241169299902,1.12:16.1296497172133,-0.88:17.1404667381026,0.55:15.9385538867238,-14.19:12.5400917062037,4.72:16.7911166990168,1.545:16.5311214078174,-2.01:15.3730250764123,-1.095:14.4698298193172,2.555:15.5092544953005,-6.745:15.6987252667215,-8.505:13.0617753387509,0.76:16.5397218839979,
4.91:14.6209404622275,-8.225:14.5160040989248,-8.555:14.0323545779032,-6.95:14.4200381414197,-9.39:14.4806042691595,-4.065:15.7461352401153,0.35:16.3639084573338,4.445:15.7018143856053,0.24:16.3533605109164,1.36:16.6637450772628,3.565:15.3654083902772,1.825:16.53645593832,-7.18:14.6518804253925,-2.95:15.6111338473539,-4.89:14.7610263870776,-8.25:14.2150448469219,5.365:16.1932632597633,-13.225:12.1578935264296,-4.015:14.7639688092328,-1.26:16.910127143224,-3.13:15.7909182760218,-3.305:16.1583407254582,-7.845:12.9433757188764,3.49:15.725453888521,2.225:16.7670622054074,3.535:15.7505166581925,1.605:17.2858027004823,2.1:16.9679108908551,-6.22:14.8775535623301,-6.39:16.05795441518,-3.035:15.0141191882841,-5.085:12.1230266435408,-5.955:14.226137037158,-6.31:14.2131593954335,-4.61:16.7573237720108,-3.78:15.9160799193771,-11.72:15.0947540556314,2.585:15.6838380188014,2.445:15.2707882900655,2.44:14.8740176146191,-9.105:14.4787421760317,0.85:15.5228058030757,-9.3:14.907045314213,4.345:15.6469158302843,-4.015:15.7824198081283,-6.395:14.675454848147,3.8:14.9936653290648,1.515:15.5312515593561,4.815:15.4084643946112,-7.53:14.4401904419575,-0.375:16.1485099931851,-0.35:16.2418441071203,-6.22:14.9920512272337,-7.15:15.1640199155765,-0.35:14.8397270864393,-8.68:13.1475320878102,4.395:15.2308560166525,1.745:15.6671623148546,-0.11:14.8633071689984,0.485:15.1581586942478,-1.805:15.0082302421038,-5.94:15.6322231304444,8.375:15.9406516491642,0.07:15.0025031244789,-3.275:16.9259970164242,-6.99:13.1632024978726,5.525:15.7263910354537,-2.395:14.8333736890837,-2.685:15.966708333279,6.325:15.8716531905155,-3.855:16.4065223310731,5.67:14.9003724785658,-1.005:15.2608969264588,-0.925:14.909036689203,-2.29:13.7195444530786,-2.955:14.9767478111905,-5.82:15.6047300521348,-4.02:15.1561736596016,5.21:14.8565103574157,-3.35:16.3290385509987,-7.38:13.7864281088322,-4.865:13.9300673006271,-12.725:12.3442041055712,-4.475:15.7996637622451,6.565:15.5738811797188,7.325:14.2425199666351,-3.14:15.8180403337455,-3.62:15.8080865382247,0.39:16.9034878057755,0.05:16.2532304481294,-0.41:15.8108159182251,-11.76:14.4966340920919,6.72:16.1799752781022,-1.585:16.4137983111771,-3.88:15.0095169809025,-0.485:14.6505895785801,4.495:15.2813603779245,-6.21:15.7513777175205,-6.68:13.9523331382246,1.385:15.5243929027837,
2.14:14.2923196157937,-7.755:13.9037755663704,-11.515:12.2294633978765,-6.66:13.3268300807056,-4.93:15.7643617060761,-4.915:15.9733457672461,4.22:17.5548170027488,6.825:15.8336469267191,-3.085:15.7504849131701,-0.04:15.8804407999274,3.64:15.6342700501175,-1.305:16.4247366797766,-8.635:12.5710689680711,-3.375:15.654851484444,-5.755:16.339062855623,-13.735:11.3355535815416,4.06:16.4434302990587,-10.695:13.9007904451509,-3.03:14.8727636974437,0.86:17.5362595783708,-1.75:15.3312589176493,-1.63:16.1373200996944,-6.39:13.4680325214933,1.21:14.349073140799,3.245:16.0319984718063,2.845:16.1815010119581,1.615:17.0984436426243,0.45:17.0480937350778,-6.505:13.9610162595708,-6.825:16.0992041728776,-4.95:15.7174266341536,-4.825:13.3926985704898,-3.52:15.426587438575,-4.645:14.3822451307159,-5.715:16.3943214254204,-3.655:15.2215628304061,-11.17:14.5972976951215,1.19:15.7522665035861,-2.82:15.7745871578308,4.98:15.4136173560913,-11.015:13.2164584893231,0.18:15.0205725589939,-5.94:15.5475528621066,3.16:15.8973079482031,-2.99:15.8952791733898,-5.18:14.7107987546564,4.975:15.255634205106,3.6:15.5653461252874,7.835:14.6583687700917,-5.84:14.7646334190863,1.185:16.2468696984989,-3.305:17.9207135739624,-5.13:13.6792945724551,-8.045:14.7303419851679,-2.365:15.1944652752244,-8.125:14.2470830347829,5.035:15.4105085899201,3.47:15.2783866949361,3.38:16.163093763262,1.905:15.5269435176406,-2.285:14.809246267113,-5.86:14.6584583091129,8.085:15.846380501553,0.64:15.0356376652272,-2.835:16.9424843219641,-5.09:15.8755125901496,5.77:15.7574458590217,-3.95:15.4566328804174,-1.46:15.7952018030793,6.985:15.8226032940221,-2.28:15.9640721622022,5.145:13.9339145612423,1.05:15.070086263854,3.7:16.516355530201,1.315:15.2936514606552,0.11:15.3957104415483,-2.285:15.9082926488043,-2.545:15.3742633969891,3.66:15.3102710622641,1.69:16.0876940547737,-7.265:13.7526279306902,-6.26:13.3278805516856,-14.7:10.3329569823938,-4.2:15.9172862008572,2.97:16.4380382041167,9.125:15.5202891403479,-6.545:15.4624698867936,-4.545:16.5483526370452,1.305:16.9272553888692,0.095:17.834404251334,-1.355:16.0274444313496,-9.71:14.8877768656035,6.855:16.1342485105443,1.195:16.9220854211294,-3.615:15.5260031882001,-1.01:14.9639533546453,-0.93:15.0859239027645,-6.99:15.4544459622466,-6.565:14.4915760012498,-1.445:15.5764878904071,
2:14.2453501185475,-8.03:13.4977442559859,-9.525:13.1923983793698,-2.265:15.2083784474217,-5.51:15.6201760553459,-7.545:15.0903271998986,2.605:17.3086387390806,3.915:15.482176042146,-2.655:16.4248584468786,-2.895:15.7953782797374,2.665:13.6129634907319,2.18:17.0847183178418,-6.32:14.8201754375581,-1.835:16.3926134280047,-4.675:15.3593416200044,-11.36:14.616442795701,8.42:14.7764542431532,-13.155:13.0874357687058,-4.605:14.8003032063536,0.155:18.1893093601709,-1.255:14.9382052134786,-4.565:15.437155664176,-9.52:14.2073783647793,2.64:16.3951334242817,-0.78:15.7896041748994,3.915:16.1080034454926,1.12:17.7678248528063,0.18:17.3091767568536,-6.335:14.4562365434438,-6.495:14.9378704974973,-6.25:15.312005094043,-2.795:14.3161787848574,-5.995:14.8551329512731,-4.545:15.4647332663709,-7.85:15.8059324305781,-1.3:16.1130381989245,-14.515:13.2264800684082,0.845:14.5708947906434,-0.94:16.7611574779309,2.965:16.1484914156091,-11.355:13.8187906489678,-2.465:14.9719329079448,-7.255:15.6006402112221,2.865:16.0852968576896,-2.865:15.5684544833455,-3.585:15.427338558546,4.12:14.3019439238168,5.57:15.1494257316903,4.785:15.5884179761771,-9.44:14.8840988978171,0.405:15.3098326248199,-3.915:17.3700251870859,-7:14.8781719307178,-9.63:13.9711524220445,-2.885:16.3120132111276,-10.04:13.1479428048649,3.185:14.7607850400986,1.745:16.1762163375741,5.74:15.5968714811657,0.145:15.3679528565128,-4.58:14.3695372228893,-8.295:13.4159597122234,6.97:15.3267445989029,-4.06:14.6886486784864,-3.52:15.8741802937979,-6.795:14.5362641349144,6.135:14.9942247215386,-3.475:15.6814978557534,0.59:16.264436664084,6.615:15.8583345594675,-1.415:16.6449023727987,4.77:14.6539107408227,0.01:15.9699686912655,-0.125:16.612626974684,2.63:13.8442442914014,-4.47:15.2108218055436,-4.52:15.3463220349372,-5.22:14.4350822650929,3.385:15.34460084199,0.05:15.3449503094666,-6.02:13.3921469525988,-8.9:13.0510535973154,-7.495:14.5141301840655,-2.625:15.2415345356037,2.31:16.7917807274869,8.16:14.6746175418646,-9.175:13.8839610702422,-3.26:16.4192691676579,-0.485:17.4808402258015,0.425:17.2622239297259,-2.5:15.0469265964847,-6.11:15.3762121473398,7.47:15.4996483831086,2.305:16.1282973372889,-1.095:15.8378020886738,-3.45:16.052024794399,-1.595:15.9166885689204,-6.235:14.5993073465833,-7.63:12.8426282356845,-4.94:14.2325823377207,
2.53:16.1458694408198,-7.6:14.3965273590543,-6.32:14.1787728665072,-2.38:14.0778407435231,-3.15:16.2393811458442,-9.22:14.448238646977,4.33:16.5118472618905,6.63:16.1735308451803,-2.7:16.6075284133431,-3.625:15.5625953812338,3.89:15.0132574746455,0.395:16.2634244548926,-5.855:15.100462741254,0.015:16.0438391602509,-3:16.9082819943364,-14.12:12.2591027404129,6.585:15.6512866883206,-14.765:11.8869581895454,0.69:15.2736341451535,3.285:17.3292750858194,-4.935:16.1926148289892,-3.88:16.2482491364454,-9.96:13.1468018924756,1.085:15.4443444341286,0.9:15.8300347441185,4.695:15.6461488871863,-0.805:16.8239999702806,0.46:16.9026151822728,-6.905:14.928696359696,-4.43:15.7852811188145,-8.235:13.8531503637259,-3.545:14.0526856863733,-0.88:16.6236458095088,-1.4:15.2843056760849,-3.96:16.590611803065,-1.045:14.6609336332991,-11.4:14.2105594541524,0.935:13.9129714655066,-3.875:15.7012539308171,1.405:16.3101494475066,-11.585:13.7572807996348,-3.245:15.6969734343917,-0.285:15.7979041331437,1.395:15.110889285545,-2.83:15.0296739818268,-6.705:15.0065977156716,4.425:14.4538705888769,3.855:14.5118563595427,6.4:15.7895535085702,-5.455:15.5199218748034,-2.92:15.2516753178134,-4.745:16.8561554038873,-8.835:12.8151385088106,-3.715:15.8345753021671,-2.83:14.4191227195,-8.06:13.8901547867545,0.56:15.7138919431184,0.185:16.2997170220835,4.255:15.4512127355752,0.93:16.0690727797219,-5.34:14.1348646969117,-7.82:14.8323160699872,9.455:15.1260693836833,-2.995:15.370262684808,-5.545:14.8532142985954,-6.35:14.6685888891877,6.115:14.8257133049307,-2.68:14.5769544144173,1.84:15.8891283587238,7.995:15.2277698629839,0.635:16.501871863519,2.21:15.5333801859093,0.3:15.2101939501112,0.825:16.451272747116,1.25:15.9388675883828,-3.155:16.680257042384,-7.305:14.9436265678717,-4:15.5865326484116,4.375:15.6663452981223,-0.77:15.8008575716636,-6.735:14.3793176124599,-9.925:11.7102252326759,-8.095:15.5205017637962,-0.385:16.7745871782289,1.085:16.0660441615228,7.56:14.8699831876166,-8.825:14.1178743088328,-4.34:16.3555617451679,0.835:16.5044774228086,-1.945:17.8264403345143,-2.71:15.4930920090213,-8.37:16.1732216951354,8.74:16.0412717700312,-1.715:16.0101147716061,-0.235:15.7203617960911,-5.62:15.0862719052787,-0.93:15.221205602711,-4.735:15.1332341222886,-7.62:14.5046751083918,-4.2:15.6304190602811,
2.6:15.307514494522,-7.79:14.4611859817928,-8.38:13.3949841358622,-1.81:14.4897860577719,-3.25:15.7555545760852,-8.965:15.2611852423067,3.865:17.6874750883217,6.435:15.6523408792423,-5.615:15.8318279108889,-4.915:15.5607768122289,3.405:15.3610212876618,1.09:16.8291978418462,-4.42:15.8478263493767,0.005:16.3830697672933,-3.395:16.1811302139251,-15.795:12.4508222620034,5.48:17.1108036047405,-12.27:13.5121093838083,-4.045:15.0244126341099,1.05:17.0888121295776,-3.36:15.9329972070543,-0.305:15.8234628005377,-8.805:12.8750524270777,2.155:15.4845398704644,0.9:15.3772559320576,4.155:15.5499509645529,1.12:17.275867561428,-2.03:16.911507916209,-4.655:14.9911965833285,-6.115:14.1708071400326,-5.805:13.1437047669217,-3.66:13.1842481772758,-1.445:16.5628190535307,-2.985:15.8165980855556,-6.815:14.7810951894641,-1.02:16.6285778105044,-12.995:14.1324086765137,1.385:14.9595045038263,0.135:16.5712635305821,-1.91:15.92142895597,-11.015:13.9012508429997,-3.615:15.4193636379716,-1.82:15.1544580899483,4.48:15.1673860635246,-1.57:14.3845437883862,-4.095:16.0535346575139,5.305:14.6185490046037,6.015:14.4569974406859,4.825:14.3869515534042,-8.79:14.5504604738132,-6.81:14.8095881104101,-1.97:17.178739767515,-4.4:14.7461859475595,-5.945:15.5219836039084,-0.375:15.8642483276076,-9.005:13.4842491448356,-0.925:15.4961083824294,2.08:16.3619558733056,4.845:15.3431083878072,2.83:15.4421857261205,-3.77:14.3494634046016,-7.17:13.9624890331201,6.725:16.1761977918175,-1.555:15.1841027064493,-3.83:15.0303393175271,-5.985:14.0824278801633,5.915:15.8384903005305,-3.39:14.5817660110153,1.405:15.78420016979,6.35:15.8697038409669,-0.915:17.2626120561171,7.875:14.7756345041423,-3.19:14.4230336614736,-1.53:14.8650294315215,-0.07:14.4932777521167,-0.54:15.8564939378161,1.58:16.0204119797214,-5.78:13.5130159475966,5.745:13.6948886450383,1.12:15.7097294693448,-3.585:15.3337136728191,-11.11:11.4785844074956,-7.135:15.2481728413604,-1.595:15.5444837482626,0.27:16.9058303552354,7.28:14.6728184068365,-8.96:14.8431263553202,-5.035:16.194560043422,1.315:16.7124437171827,-2.59:17.4940532753276,-2.845:15.6646409151311,-7.31:15.3611164958801,7.315:15.4930879749648,-1.75:15.2327771597959,0.775:15.4500606794925,-3.97:15.5077109851841,-3.045:14.481470056593,-3.9:14.310136267695,-4.44:15.9454194049577,-3.15:15.6079306764222,
6.22:14.5908053239018,-8.13:14.1895419235436,-5.85:15.2459010884893,-5.605:14.1190996525983,-4.255:16.3557321756013,-11.385:14.0910175289083,4.13:16.9600442216405,6.57:15.4669033746254,-6.935:15.5904065052839,-2.675:16.3657989416954,2.94:15.1369217478323,3.825:15.8304887795671,-7.71:14.2802626026274,-0.16:16.6800599519306,-3.08:16.5155563030738,-14.67:12.7322857335201,6.625:14.9078628582369,-10.48:14.511705619947,-4.7:15.0894002531578,2.085:18.7975470474208,-6.04:15.4382123317436,-5.85:14.7237053760254,-10.96:13.3292310355849,1.435:16.7995766315702,3.79:15.8705986024472,4.23:15.2350615358127,3.27:16.0601089660064,-8.775:14.8220907769451,-2.3:14.2649921135625,-7.03:15.7146142173456,-5.32:15.085675324625,-0.235:14.5591818108024,-0.7:15.1198544966544,-3.765:15.5929399088177,-6.095:14.2230789564004,-0.675:15.6105533213913,-12.03:15.27413172655,3.595:15.4331129393911,1.2:16.0337144791842,-0.73:15.7574458590217,-10.79:13.9594376677573,-4.05:15.3615591656576,-1.145:15.3656752210894,2.615:15.8264580686899,0.81:15.2421750416402,-5.865:15.6373519177641,3.645:14.0981904867256,2.98:14.2193389438469,7.61:14.1119771825212,-4.075:16.8505007343996,-7.945:13.0798308475301,-1.73:16.9380370763557,-7.16:13.7722329344228,-2.215:15.7168309464726,-1.855:15.0921825790705,-7.77:14.1278837764189,1.715:14.7977624997835,-1.615:14.9698622238149,4.84:15.6049479332678,-0.46:16.0230583847155,-6.065:14.9566298008609,-8.15:14.7043360951795,7.38:15.1606596162568,-4.895:14.7578445241844,-0.505:15.7330853617464,-7.03:13.7444206862276,6.11:14.9561993835332,1.695:15.3525885439557,1.055:16.2542909719249,8.415:15.5374635960957,-1.635:15.3359634519648,3.81:16.4320996832419,-4.7:15.4042202009709,-1.29:15.6481915888067,2.055:14.3395249223954,-1.16:16.4181119499168,0.305:17.9619591080706,-4.175:13.9084282001957,3.54:15.6789157788413,1.215:15.8713192583351,-2.915:14.0227591792771,-11.85:11.398574472275,-3.61:15.5495305395372,3.46:15.7638320214344,-0.86:16.3984877351541,8.445:15.3605655820351,-9.03:15.5167361258739,-4.635:16.6886720562183,-1.575:15.5355841538064,-4.545:17.5256376488846,-1.9:15.2862683477689,-6.26:17.3971951762346,6.91:15.8436706605509,-1.265:15.9315653656507,0.41:15.2063111897659,-2.405:16.3951509599637,-3.115:15.0479824229031,-6.925:13.8978190735093,-8.315:15.1316150823367,-6.445:14.0977648937695,
5.87:15.6346762038745,-8.28:13.9151572035676,-4.06:15.9545103340717,-2.93:15.1784419490276,-3.805:16.6678425418529,-9.445:14.397811465636,2.65:17.2100987794957,4.53:16.4699453551006,-7.88:14.422745924407,-0.24:16.4280978813739,1.63:14.8796202908542,4.24:15.9371390155197,-6.405:15.3665537776041,-2.04:15.8949174266493,-6.165:16.5468358002369,-11.595:13.1038534408776,4.28:14.7509864076949,-13.13:12.27856261946,-2.13:15.3997759723965,1.98:17.1432085678265,-4.33:15.9524637595576,-3.38:15.4782298729538,-9.615:15.0272011698786,0.715:16.4457828941039,2.985:15.0477498317855,3.1:16.6883192682786,4.875:15.9840350037154,-7.215:15.0432302049792,-2.67:14.8671147167162,-4.905:15.2143345237312,-6.165:14.892205175863,2.38:15.5427024677178,-2.1:14.4502595132406,-5.785:14.9016366550792,-3.62:14.3001958028553,-2.28:14.9663489201609,-9.975:15.0454104297623,1.585:14.5042330028168,3.725:16.6490052255383,1.585:16.4421037279297,-4.6:16.0847754103065,-2.405:15.5772582632503,-1.005:14.1920743726913,0.405:15.7750110934985,0.225:15.4202585905684,-5.985:15.9061238207176,5.76:13.9309870432787,3.585:15.1278807174039,6.62:15.2021577415839,-6.095:15.725964994238,-7.99:13.9949955341186,-4.085:16.0719561659432,-4.34:14.158545122999,-1.09:16.1341842062126,-1.55:15.2432772066902,-11.69:13.3211823799541,2.795:16.4131951490257,1.57:15.4985515452251,8.295:15.0312333159991,-3.515:15.3101200191246,-4.655:15.5317730797227,-10.275:13.4758812327803,5.685:15.9293997062036,-4.965:15.4804320030159,-2.455:16.8091634235616,-6.24:14.080923265184,7.27:13.9698639936114,-0.1:15.182226450689,-0.775:15.9111399654456,7.665:15.3069518520181,-3.74:15.6512747084702,5.375:14.6425535682817,-4.17:14.8755201589726,-1:14.4758419444259,2.035:15.1242776687021,-1.02:15.6204865481201,0.625:17.2082647294839,-1.66:14.8769754990724,3:15.3297097167559,4.925:15.4038753240865,-4.205:14.3538487869979,-11.715:12.3739151039596,-1.645:17.3617100252251,1.22:15.6882631288489,1.07:16.4558530620567,9.43:14.0792435876364,-10.555:14.2326025378355,-9.24:14.4167402695616,1.345:16.5923468804145,-5.945:16.1013035186596,0.53:14.7641152799617,-6:15.9931235223142,8.855:15.0573561756372,-1.51:15.3857044037639,2.07:14.6114715206922,-3.03:16.1099068898613,-5.79:14.7287440061941,-7.82:14.133916654629,-7.01:15.1878207785054,-6.55:14.1717147868562,
3.77:15.9102828384665,-10.315:12.6532910738669,-4.55:15.5989582985531,-4.355:15.1389885725566,-1.76:15.747139422765,-7.69:14.1061653187534,2.36:17.3182100691728,5.01:16.0561483550695,-10.145:14.6780099127913,-0.38:16.9881017185558,1.01:16.0937845145261,1.235:17.003522429191,-4.545:16.7432964197616,-1.235:15.6722613237529,-0.99:17.4140718960271,-13.8:12.9340635532689,2.05:16.8421346628033,-10.76:14.7499966101691,1.255:16.1446577851623,-4.35:16.1687198008995,-4.485:15.6355292523151,-6.4:14.9472405480075,-8.94:14.873345286115,-0.335:17.1196604814465,1.5:16.1734350092984,5.34:15.715419179901,3.515:15.5254557098979,-5.19:16.1636598578416,0.05:15.4727987125794,-2.345:14.8914732313495,-4.03:15.1039431937491,4.795:14.9777493302565,2.535:16.1737062852025,-3.84:15.1408190003051,-5.88:14.1476358449036,-2.755:14.8689264911762,-9.92:15.8292008642256,-1.385:13.8226905846872,2.2:16.125755796241,6.26:16.0131945594875,-2.085:16.6516598271764,-2.515:14.7969515441526,-4.62:13.8631021059502,-2.71:14.9688309496767,2.085:14.4449913464841,-4.35:15.5157178370838,5.795:14.5482980104203,4.04:14.9856064275024,8.125:15.4003043801089,-7.1:16.7095780916216,-6.35:15.4698901094998,-2.09:16.2724276000848,-2.64:15.3443931127953,-3.515:16.3358432595321,-0.925:15.4806128754646,-10.45:12.6375432739121,1.34:15.7903261524264,0.165:14.9805799286943,6.075:15.7193948674877,-0.78:15.8130199519257,-8.17:14.5808470261504,-7.68:13.9060274701296,7.395:15.9100274984049,-7.46:13.5295380556766,-0.39:14.7335637236888,-4.42:14.3067676293424,6.345:15.3956479240076,-2.51:15.1762940140207,-0.345:16.1284213424625,7.305:16.0879450210398,-3.71:16.07065337813,5.035:15.195189205798,-1.435:14.870970882898,-1.805:15.7542684692118,-3.105:14.9510526385268,-3.38:15.7408894284916,-0.8:16.623778150589,-3.905:14.7351951123831,7.21:14.5669454588119,4.625:15.9255886861365,-3.985:14.4296491641342,-11.885:10.9586392859698,-0.23:16.3568670594341,0.255:15.5167643212108,2.03:15.6287907401693,7.555:14.8026002783295,-10.22:14.3007552248124,-7.08:15.5191365739206,-0.02:16.4666207826621,-4.695:16.0515412032614,-1.165:15.0710907037281,-3.375:16.4476252085217,7.22:15.6438997695587,-0.11:15.7136214794681,2.995:15.6347361666259,-5.215:15.3534613361287,-4.885:16.0328342784425,-4.975:15.2808499436386,-3.87:16.2893554200281,-6.505:14.0417226507291,
5.53:15.2593938280654,-9.03:13.8271146664805,-3.995:14.8025327224769,-4.87:14.7567984332646,-3.21:16.4071904968523,-7.005:13.7020062399636,1.66:17.1733630952123,6.005:15.3491033940097,-10.56:12.9940909647424,2.35:16.704116259174,-4.41:16.5182293239923,3.33:15.679639664227,-6.185:15.9188810850512,0.22:15.2830494339317,1.875:16.6778108575436,-11.215:14.0505791695574,5.285:15.6311795780101,-10.93:14.3347514802315,1.435:16.0220402883029,-5.87:15.3689004161,-4.32:16.7202751173538,-5.75:15.4782912493595,-7.555:16.2522913769105,0.555:16.2796491055551,0.555:14.9052666866447,1.55:15.0677636031363,1.515:16.0037425310457,-10.97:13.748058044684,2.105:15.4561953597902,-3.12:14.4998482750683,-3.175:15.4299829876769,5.53:15.150877862355,-2.255:14.7288823404901,-1.48:15.8823675816926,-5.985:13.9565316250134,-2.545:15.6782644128743,-14.17:13.1137752001474,-2.445:14.1924971375724,2.345:16.4068880352125,4.345:16.1998757711286,-1.82:16.7283471986924,-1.92:15.0868684623417,-0.375:16.0329153618423,-3.835:14.8282761978593,1.11:15.1633736351776,-6.385:15.6507755398894,5.77:14.1338989666688,2.155:15.4544807418431,6.925:15.2367770542198,-7.8:15.7765648986083,-3.67:15.4612774375211,-4.21:16.0388871185005,-0.365:15.2404650519595,-0.845:16.0533789278145,0.18:14.7596612427251,-7.46:13.7749192375128,2.54:15.6358050640189,-0.24:15.1040524363497,7.105:14.9380043847898,-6.76:15.3261997899023,-7.03:14.6921441593799,-8.67:15.0854598869242,8.625:15.3881244796109,-3.53:15.1036121507406,0.095:15.2622401697785,-5.385:15.0680713762578,7.82:15.254428865087,1.385:15.0278666150588,1.94:16.4574117041532,7.55:14.9915809706648,-3.475:16.428614518577,6.305:14.9626860890684,-1.785:16.6108029607241,-4.535:14.9190742004992,0.4:15.2210380723524,-7.86:13.8546165591113,1.215:17.6691475459344,-3.62:15.6312379548134,3.93:14.6569130447035,3.58:15.947839979132,-3.65:15.0192376637431,-10.825:11.6221501883257,-0.315:15.8529421559533,-0.195:15.8340448085762,0.165:16.055459351884,9.325:15.4783518179424,-12.095:12.9725084312942,-7.43:15.431950622005,-1.14:15.2509147266648,-1.87:17.9472309841936,-3.275:15.881101189779,-4.8:15.9135162676261,8.01:14.7999966216212,-1.46:15.9977623435279,0.295:15.3005874070246,-6.25:15.4918526974665,-5.785:15.2137692568278,-7:14.1837935687178,-4.615:15.4737446986823,-8.83:13.5525311289072,
